[
  {
    "id":1,
    "province":"สกลนคร",
    "name":"อากาศอำนวย",
    "caseCount":18
  },
  {
    "id":2,
    "province":"สมุทรสงคราม",
    "name":"อัมพวา",
    "caseCount":50
  },
  {
    "id":3,
    "province":"กระบี่",
    "name":"อ่าวลึก",
    "caseCount":11
  },
  {
    "id":4,
    "province":"สระแก้ว",
    "name":"อรัญประเทศ",
    "caseCount":79
  },
  {
    "id":5,
    "province":"ร้อยเอ็ด",
    "name":"อาจสามารถ",
    "caseCount":37
  },
  {
    "id":6,
    "province":"นราธิวาส",
    "name":"บาเจาะ",
    "caseCount":88
  },
  {
    "id":7,
    "province":"ชัยภูมิ",
    "name":"บำเหน็จณรงค์",
    "caseCount":5
  },
  {
    "id":8,
    "province":"ชลบุรี",
    "name":"บ้านบึง",
    "caseCount":436
  },
  {
    "id":9,
    "province":"ระยอง",
    "name":"บ้านฉาง",
    "caseCount":115
  },
  {
    "id":10,
    "province":"สุโขทัย",
    "name":"บ้านด่านลานหอย",
    "caseCount":34
  },
  {
    "id":11,
    "province":"อุดรธานี",
    "name":"บ้านดุง",
    "caseCount":41
  },
  {
    "id":12,
    "province":"ขอนแก่น",
    "name":"บ้านฝาง",
    "caseCount":10
  },
  {
    "id":13,
    "province":"ลำพูน",
    "name":"บ้านโฮ่ง",
    "caseCount":5
  },
  {
    "id":14,
    "province":"ระยอง",
    "name":"บ้านค่าย",
    "caseCount":38
  },
  {
    "id":15,
    "province":"อุตรดิตถ์",
    "name":"บ้านโคก",
    "caseCount":8
  },
  {
    "id":16,
    "province":"ชัยภูมิ",
    "name":"บ้านเขว้า",
    "caseCount":20
  },
  {
    "id":17,
    "province":"บุรีรัมย์",
    "name":"บ้านกรวด",
    "caseCount":14
  },
  {
    "id":18,
    "province":"เพชรบุรี",
    "name":"บ้านแหลม",
    "caseCount":194
  },
  {
    "id":19,
    "province":"เพชรบุรี",
    "name":"บ้านลาด",
    "caseCount":94
  },
  {
    "id":20,
    "province":"น่าน",
    "name":"บ้านหลวง",
    "caseCount":2
  },
  {
    "id":21,
    "province":"นครราชสีมา",
    "name":"บ้านเหลื่อม",
    "caseCount":1
  },
  {
    "id":22,
    "province":"บุรีรัมย์",
    "name":"บ้านใหม่ไชยพจน์",
    "caseCount":0
  },
  {
    "id":23,
    "province":"ลพบุรี",
    "name":"บ้านหมี่",
    "caseCount":53
  },
  {
    "id":24,
    "province":"สระบุรี",
    "name":"บ้านหมอ",
    "caseCount":62
  },
  {
    "id":25,
    "province":"สกลนคร",
    "name":"บ้านม่วง",
    "caseCount":10
  },
  {
    "id":26,
    "province":"นครนายก",
    "name":"บ้านนา",
    "caseCount":150
  },
  {
    "id":27,
    "province":"สุราษฎร์ธานี",
    "name":"บ้านนาเดิม",
    "caseCount":4
  },
  {
    "id":28,
    "province":"สุราษฎร์ธานี",
    "name":"บ้านนาสาร",
    "caseCount":1
  },
  {
    "id":29,
    "province":"นครพนม",
    "name":"บ้านแพง",
    "caseCount":5
  },
  {
    "id":30,
    "province":"สมุทรสาคร",
    "name":"บ้านแพ้ว",
    "caseCount":255
  },
  {
    "id":31,
    "province":"ขอนแก่น",
    "name":"บ้านไผ่",
    "caseCount":13
  },
  {
    "id":32,
    "province":"ฉะเชิงเทรา",
    "name":"บ้านโพธิ์",
    "caseCount":176
  },
  {
    "id":33,
    "province":"พระนครศรีอยุธยา",
    "name":"บ้านแพรก",
    "caseCount":3
  },
  {
    "id":34,
    "province":"อุดรธานี",
    "name":"บ้านผือ",
    "caseCount":30
  },
  {
    "id":35,
    "province":"ราชบุรี",
    "name":"บ้านโป่ง",
    "caseCount":248
  },
  {
    "id":36,
    "province":"อุทัยธานี",
    "name":"บ้านไร่",
    "caseCount":28
  },
  {
    "id":37,
    "province":"ปราจีนบุรี",
    "name":"บ้านสร้าง",
    "caseCount":38
  },
  {
    "id":38,
    "province":"สุราษฎร์ธานี",
    "name":"บ้านตาขุน",
    "caseCount":2
  },
  {
    "id":39,
    "province":"ตาก",
    "name":"บ้านตาก",
    "caseCount":14
  },
  {
    "id":40,
    "province":"ชัยภูมิ",
    "name":"บ้านแท่น",
    "caseCount":11
  },
  {
    "id":41,
    "province":"ลำพูน",
    "name":"บ้านธิ",
    "caseCount":0
  },
  {
    "id":42,
    "province":"พระนครศรีอยุธยา",
    "name":"บางบาล",
    "caseCount":16
  },
  {
    "id":43,
    "province":"สมุทรปราการ",
    "name":"บางบ่อ",
    "caseCount":272
  },
  {
    "id":44,
    "province":"กรุงเทพมหานคร",
    "name":"บางบอน",
    "caseCount":2065
  },
  {
    "id":45,
    "province":"นนทบุรี",
    "name":"บางบัวทอง",
    "caseCount":1068
  },
  {
    "id":46,
    "province":"พัทลุง",
    "name":"บางแก้ว",
    "caseCount":5
  },
  {
    "id":47,
    "province":"กรุงเทพมหานคร",
    "name":"บางกะปิ",
    "caseCount":638
  },
  {
    "id":48,
    "province":"กรุงเทพมหานคร",
    "name":"บางแค",
    "caseCount":1330
  },
  {
    "id":49,
    "province":"นครศรีธรรมราช",
    "name":"บางขัน",
    "caseCount":8
  },
  {
    "id":50,
    "province":"กรุงเทพมหานคร",
    "name":"บางเขน",
    "caseCount":523
  },
  {
    "id":51,
    "province":"ฉะเชิงเทรา",
    "name":"บางคล้า",
    "caseCount":66
  },
  {
    "id":52,
    "province":"กรุงเทพมหานคร",
    "name":"บางคอแหลม",
    "caseCount":549
  },
  {
    "id":53,
    "province":"สมุทรสงคราม",
    "name":"บางคนที",
    "caseCount":26
  },
  {
    "id":54,
    "province":"กรุงเทพมหานคร",
    "name":"บางขุนเทียน",
    "caseCount":1787
  },
  {
    "id":55,
    "province":"สงขลา",
    "name":"บางกล่ำ",
    "caseCount":39
  },
  {
    "id":56,
    "province":"พิษณุโลก",
    "name":"บางกระทุ่ม",
    "caseCount":8
  },
  {
    "id":57,
    "province":"นนทบุรี",
    "name":"บางกรวย",
    "caseCount":384
  },
  {
    "id":58,
    "province":"ชลบุรี",
    "name":"บางละมุง",
    "caseCount":994
  },
  {
    "id":59,
    "province":"นครปฐม",
    "name":"บางเลน",
    "caseCount":87
  },
  {
    "id":60,
    "province":"พิจิตร",
    "name":"บางมูลนาก",
    "caseCount":12
  },
  {
    "id":61,
    "province":"กรุงเทพมหานคร",
    "name":"บางนา",
    "caseCount":481
  },
  {
    "id":62,
    "province":"ฉะเชิงเทรา",
    "name":"บางน้ำเปรี้ยว",
    "caseCount":170
  },
  {
    "id":63,
    "province":"พระนครศรีอยุธยา",
    "name":"บางปะอิน",
    "caseCount":332
  },
  {
    "id":64,
    "province":"พระนครศรีอยุธยา",
    "name":"บางปะหัน",
    "caseCount":48
  },
  {
    "id":65,
    "province":"ฉะเชิงเทรา",
    "name":"บางปะกง",
    "caseCount":510
  },
  {
    "id":66,
    "province":"ราชบุรี",
    "name":"บางแพ",
    "caseCount":44
  },
  {
    "id":67,
    "province":"กรุงเทพมหานคร",
    "name":"บางพลัด",
    "caseCount":217
  },
  {
    "id":68,
    "province":"สมุทรปราการ",
    "name":"บางพลี",
    "caseCount":1652
  },
  {
    "id":69,
    "province":"สุพรรณบุรี",
    "name":"บางปลาม้า",
    "caseCount":94
  },
  {
    "id":70,
    "province":"สิงห์บุรี",
    "name":"บางระจัน",
    "caseCount":20
  },
  {
    "id":71,
    "province":"กรุงเทพมหานคร",
    "name":"บางรัก",
    "caseCount":384
  },
  {
    "id":72,
    "province":"พิษณุโลก",
    "name":"บางระกำ",
    "caseCount":22
  },
  {
    "id":73,
    "province":"พระนครศรีอยุธยา",
    "name":"บางไทร",
    "caseCount":81
  },
  {
    "id":74,
    "province":"ประจวบคีรีขันธ์",
    "name":"บางสะพาน",
    "caseCount":18
  },
  {
    "id":75,
    "province":"ประจวบคีรีขันธ์",
    "name":"บางสะพานน้อย",
    "caseCount":2
  },
  {
    "id":76,
    "province":"กรุงเทพมหานคร",
    "name":"บางซื่อ",
    "caseCount":325
  },
  {
    "id":77,
    "province":"นนทบุรี",
    "name":"บางใหญ่",
    "caseCount":371
  },
  {
    "id":78,
    "province":"กรุงเทพมหานคร",
    "name":"บางกอกน้อย",
    "caseCount":285
  },
  {
    "id":79,
    "province":"กรุงเทพมหานคร",
    "name":"บางกอกใหญ่",
    "caseCount":273
  },
  {
    "id":80,
    "province":"ยะลา",
    "name":"บันนังสตา",
    "caseCount":379
  },
  {
    "id":81,
    "province":"นครสวรรค์",
    "name":"บรรพตพิสัย",
    "caseCount":38
  },
  {
    "id":82,
    "province":"ศรีสะเกษ",
    "name":"เบญจลักษ์",
    "caseCount":0
  },
  {
    "id":83,
    "province":"ยะลา",
    "name":"เบตง",
    "caseCount":73
  },
  {
    "id":84,
    "province":"น่าน",
    "name":"บ่อเกลือ",
    "caseCount":4
  },
  {
    "id":85,
    "province":"กาญจนบุรี",
    "name":"บ่อพลอย",
    "caseCount":16
  },
  {
    "id":86,
    "province":"ตราด",
    "name":"บ่อไร่",
    "caseCount":25
  },
  {
    "id":87,
    "province":"ชลบุรี",
    "name":"บ่อทอง",
    "caseCount":42
  },
  {
    "id":88,
    "province":"มหาสารคาม",
    "name":"บรบือ",
    "caseCount":60
  },
  {
    "id":89,
    "province":"สุรินทร์",
    "name":"บัวเชด",
    "caseCount":3
  },
  {
    "id":90,
    "province":"นครราชสีมา",
    "name":"บัวใหญ่",
    "caseCount":2
  },
  {
    "id":91,
    "province":"ศรีสะเกษ",
    "name":"บึงบูรพ์",
    "caseCount":0
  },
  {
    "id":92,
    "province":"บึงกาฬ",
    "name":"บึงโขงหลง",
    "caseCount":3
  },
  {
    "id":93,
    "province":"กรุงเทพมหานคร",
    "name":"บึงกุ่ม",
    "caseCount":359
  },
  {
    "id":94,
    "province":"เพชรบูรณ์",
    "name":"บึงสามพัน",
    "caseCount":38
  },
  {
    "id":95,
    "province":"บึงกาฬ",
    "name":"บุ่งคล้า",
    "caseCount":2
  },
  {
    "id":96,
    "province":"อุบลราชธานี",
    "name":"บุณฑริก",
    "caseCount":9
  },
  {
    "id":97,
    "province":"เพชรบุรี",
    "name":"ชะอำ",
    "caseCount":117
  },
  {
    "id":98,
    "province":"นครศรีธรรมราช",
    "name":"ชะอวด",
    "caseCount":4
  },
  {
    "id":99,
    "province":"ลำปาง",
    "name":"แจ้ห่ม",
    "caseCount":4
  },
  {
    "id":100,
    "province":"ลพบุรี",
    "name":"ชัยบาดาล",
    "caseCount":51
  },
  {
    "id":101,
    "province":"สุราษฎร์ธานี",
    "name":"ชัยบุรี",
    "caseCount":0
  },
  {
    "id":102,
    "province":"เชียงใหม่",
    "name":"ไชยปราการ",
    "caseCount":1
  },
  {
    "id":103,
    "province":"อุดรธานี",
    "name":"ไชยวาน",
    "caseCount":5
  },
  {
    "id":104,
    "province":"สุราษฎร์ธานี",
    "name":"ไชยา",
    "caseCount":5
  },
  {
    "id":105,
    "province":"อ่างทอง",
    "name":"ไชโย",
    "caseCount":41
  },
  {
    "id":106,
    "province":"นครราชสีมา",
    "name":"จักราช",
    "caseCount":1
  },
  {
    "id":107,
    "province":"สระบุรี",
    "name":"เฉลิมพระเกียรติ",
    "caseCount":49
  },
  {
    "id":108,
    "province":"บุรีรัมย์",
    "name":"ชำนิ",
    "caseCount":2
  },
  {
    "id":109,
    "province":"สงขลา",
    "name":"จะนะ",
    "caseCount":507
  },
  {
    "id":110,
    "province":"นราธิวาส",
    "name":"จะแนะ",
    "caseCount":83
  },
  {
    "id":111,
    "province":"ร้อยเอ็ด",
    "name":"จังหาร",
    "caseCount":25
  },
  {
    "id":112,
    "province":"อำนาจเจริญ",
    "name":"ชานุมาน",
    "caseCount":2
  },
  {
    "id":113,
    "province":"สกลนคร",
    "name":"เจริญศิลป์",
    "caseCount":11
  },
  {
    "id":114,
    "province":"พิษณุโลก",
    "name":"ชาติตระการ",
    "caseCount":36
  },
  {
    "id":115,
    "province":"ชัยภูมิ",
    "name":"จัตุรัส",
    "caseCount":3
  },
  {
    "id":116,
    "province":"กรุงเทพมหานคร",
    "name":"จตุจักร",
    "caseCount":413
  },
  {
    "id":117,
    "province":"ร้อยเอ็ด",
    "name":"จตุรพักตรพิมาน",
    "caseCount":16
  },
  {
    "id":118,
    "province":"นครศรีธรรมราช",
    "name":"ฉวาง",
    "caseCount":23
  },
  {
    "id":119,
    "province":"นครศรีธรรมราช",
    "name":"เชียรใหญ่",
    "caseCount":2
  },
  {
    "id":120,
    "province":"เชียงใหม่",
    "name":"เชียงดาว",
    "caseCount":2
  },
  {
    "id":121,
    "province":"พะเยา",
    "name":"เชียงคำ",
    "caseCount":8
  },
  {
    "id":122,
    "province":"เลย",
    "name":"เชียงคาน",
    "caseCount":4
  },
  {
    "id":123,
    "province":"เชียงราย",
    "name":"เชียงของ",
    "caseCount":5
  },
  {
    "id":124,
    "province":"น่าน",
    "name":"เชียงกลาง",
    "caseCount":1
  },
  {
    "id":125,
    "province":"พะเยา",
    "name":"เชียงม่วน",
    "caseCount":2
  },
  {
    "id":126,
    "province":"เชียงราย",
    "name":"เชียงแสน",
    "caseCount":20
  },
  {
    "id":127,
    "province":"มหาสารคาม",
    "name":"เชียงยืน",
    "caseCount":26
  },
  {
    "id":128,
    "province":"นราธิวาส",
    "name":"เจาะไอร้อง",
    "caseCount":71
  },
  {
    "id":129,
    "province":"นครราชสีมา",
    "name":"โชคชัย",
    "caseCount":1
  },
  {
    "id":130,
    "province":"ราชบุรี",
    "name":"จอมบึง",
    "caseCount":9
  },
  {
    "id":131,
    "province":"สุรินทร์",
    "name":"จอมพระ",
    "caseCount":7
  },
  {
    "id":132,
    "province":"เชียงใหม่",
    "name":"จอมทอง",
    "caseCount":4
  },
  {
    "id":133,
    "province":"เพชรบูรณ์",
    "name":"ชนแดน",
    "caseCount":35
  },
  {
    "id":134,
    "province":"ขอนแก่น",
    "name":"ชนบท",
    "caseCount":15
  },
  {
    "id":135,
    "province":"นครศรีธรรมราช",
    "name":"จุฬาภรณ์",
    "caseCount":0
  },
  {
    "id":136,
    "province":"ขอนแก่น",
    "name":"ชุมแพ",
    "caseCount":28
  },
  {
    "id":137,
    "province":"นครราชสีมา",
    "name":"ชุมพวง",
    "caseCount":1
  },
  {
    "id":138,
    "province":"นครสวรรค์",
    "name":"ชุมแสง",
    "caseCount":45
  },
  {
    "id":139,
    "province":"สุรินทร์",
    "name":"ชุมพลบุรี",
    "caseCount":6
  },
  {
    "id":140,
    "province":"พะเยา",
    "name":"จุน",
    "caseCount":22
  },
  {
    "id":141,
    "province":"ราชบุรี",
    "name":"ดำเนินสะดวก",
    "caseCount":214
  },
  {
    "id":142,
    "province":"สุพรรณบุรี",
    "name":"ด่านช้าง",
    "caseCount":15
  },
  {
    "id":143,
    "province":"นครราชสีมา",
    "name":"ด่านขุนทด",
    "caseCount":7
  },
  {
    "id":144,
    "province":"กาญจนบุรี",
    "name":"ด่านมะขามเตี้ย",
    "caseCount":3
  },
  {
    "id":145,
    "province":"เลย",
    "name":"ด่านซ้าย",
    "caseCount":14
  },
  {
    "id":146,
    "province":"แพร่",
    "name":"เด่นชัย",
    "caseCount":9
  },
  {
    "id":147,
    "province":"อุบลราชธานี",
    "name":"เดชอุดม",
    "caseCount":19
  },
  {
    "id":148,
    "province":"กรุงเทพมหานคร",
    "name":"ดินแดง",
    "caseCount":1052
  },
  {
    "id":149,
    "province":"สุพรรณบุรี",
    "name":"เดิมบางนางบวช",
    "caseCount":54
  },
  {
    "id":150,
    "province":"เชียงใหม่",
    "name":"ดอยสะเก็ด",
    "caseCount":13
  },
  {
    "id":151,
    "province":"เชียงใหม่",
    "name":"ดอยเต่า",
    "caseCount":3
  },
  {
    "id":152,
    "province":"พะเยา",
    "name":"ดอกคำใต้",
    "caseCount":14
  },
  {
    "id":153,
    "province":"สุพรรณบุรี",
    "name":"ดอนเจดีย์",
    "caseCount":79
  },
  {
    "id":154,
    "province":"อุบลราชธานี",
    "name":"ดอนมดแดง",
    "caseCount":3
  },
  {
    "id":155,
    "province":"กรุงเทพมหานคร",
    "name":"ดอนเมือง",
    "caseCount":305
  },
  {
    "id":156,
    "province":"สระบุรี",
    "name":"ดอนพุด",
    "caseCount":5
  },
  {
    "id":157,
    "province":"สุราษฎร์ธานี",
    "name":"ดอนสัก",
    "caseCount":0
  },
  {
    "id":158,
    "province":"มุกดาหาร",
    "name":"ดอนตาล",
    "caseCount":4
  },
  {
    "id":159,
    "province":"นครปฐม",
    "name":"ดอนตูม",
    "caseCount":108
  },
  {
    "id":160,
    "province":"มุกดาหาร",
    "name":"ดงหลวง",
    "caseCount":1
  },
  {
    "id":161,
    "province":"กรุงเทพมหานคร",
    "name":"ดุสิต",
    "caseCount":349
  },
  {
    "id":162,
    "province":"อุตรดิตถ์",
    "name":"ฟากท่า",
    "caseCount":5
  },
  {
    "id":163,
    "province":"เชียงใหม่",
    "name":"ฝาง",
    "caseCount":5
  },
  {
    "id":164,
    "province":"ชัยนาท",
    "name":"หันคา",
    "caseCount":18
  },
  {
    "id":165,
    "province":"ลำปาง",
    "name":"ห้างฉัตร",
    "caseCount":5
  },
  {
    "id":166,
    "province":"เชียงใหม่",
    "name":"หางดง",
    "caseCount":14
  },
  {
    "id":167,
    "province":"สงขลา",
    "name":"หาดใหญ่",
    "caseCount":560
  },
  {
    "id":168,
    "province":"เชียงใหม่",
    "name":"ฮอด",
    "caseCount":8
  },
  {
    "id":169,
    "province":"ประจวบคีรีขันธ์",
    "name":"หัวหิน",
    "caseCount":448
  },
  {
    "id":170,
    "province":"นครศรีธรรมราช",
    "name":"หัวไทร",
    "caseCount":1
  },
  {
    "id":171,
    "province":"อำนาจเจริญ",
    "name":"หัวตะพาน",
    "caseCount":5
  },
  {
    "id":172,
    "province":"อุทัยธานี",
    "name":"ห้วยคต",
    "caseCount":9
  },
  {
    "id":173,
    "province":"กรุงเทพมหานคร",
    "name":"ห้วยขวาง",
    "caseCount":892
  },
  {
    "id":174,
    "province":"กาญจนบุรี",
    "name":"ห้วยกระเจา",
    "caseCount":2
  },
  {
    "id":175,
    "province":"กาฬสินธุ์",
    "name":"ห้วยเม็ก",
    "caseCount":5
  },
  {
    "id":176,
    "province":"กาฬสินธุ์",
    "name":"ห้วยผึ้ง",
    "caseCount":1
  },
  {
    "id":177,
    "province":"บุรีรัมย์",
    "name":"ห้วยราช",
    "caseCount":3
  },
  {
    "id":178,
    "province":"นครราชสีมา",
    "name":"ห้วยแถลง",
    "caseCount":1
  },
  {
    "id":179,
    "province":"ศรีสะเกษ",
    "name":"ห้วยทับทัน",
    "caseCount":5
  },
  {
    "id":180,
    "province":"ตรัง",
    "name":"ห้วยยอด",
    "caseCount":28
  },
  {
    "id":181,
    "province":"สิงห์บุรี",
    "name":"อินทร์บุรี",
    "caseCount":16
  },
  {
    "id":182,
    "province":"ยะลา",
    "name":"กาบัง",
    "caseCount":91
  },
  {
    "id":183,
    "province":"ปราจีนบุรี",
    "name":"กบินทร์บุรี",
    "caseCount":130
  },
  {
    "id":184,
    "province":"มหาสารคาม",
    "name":"แกดำ",
    "caseCount":21
  },
  {
    "id":185,
    "province":"จันทบุรี",
    "name":"แก่งหางแมว",
    "caseCount":25
  },
  {
    "id":186,
    "province":"สระบุรี",
    "name":"แก่งคอย",
    "caseCount":127
  },
  {
    "id":187,
    "province":"ชัยภูมิ",
    "name":"แก้งคร้อ",
    "caseCount":37
  },
  {
    "id":188,
    "province":"เพชรบุรี",
    "name":"แก่งกระจาน",
    "caseCount":41
  },
  {
    "id":189,
    "province":"นครราชสีมา",
    "name":"แก้งสนามนาง",
    "caseCount":5
  },
  {
    "id":190,
    "province":"กาฬสินธุ์",
    "name":"กมลาไสย",
    "caseCount":30
  },
  {
    "id":191,
    "province":"นครปฐม",
    "name":"กำแพงแสน",
    "caseCount":85
  },
  {
    "id":192,
    "province":"สุราษฎร์ธานี",
    "name":"กาญจนดิษฐ์",
    "caseCount":7
  },
  {
    "id":193,
    "province":"ตรัง",
    "name":"กันตัง",
    "caseCount":19
  },
  {
    "id":194,
    "province":"ศรีสะเกษ",
    "name":"กันทรลักษ์",
    "caseCount":9
  },
  {
    "id":195,
    "province":"ศรีสะเกษ",
    "name":"กันทรารมย์",
    "caseCount":7
  },
  {
    "id":196,
    "province":"มหาสารคาม",
    "name":"กันทรวิชัย",
    "caseCount":47
  },
  {
    "id":197,
    "province":"นครสวรรค์",
    "name":"เก้าเลี้ยว",
    "caseCount":28
  },
  {
    "id":198,
    "province":"สุรินทร์",
    "name":"กาบเชิง",
    "caseCount":2
  },
  {
    "id":199,
    "province":"ปัตตานี",
    "name":"กะพ้อ",
    "caseCount":48
  },
  {
    "id":200,
    "province":"ระนอง",
    "name":"กะเปอร์",
    "caseCount":7
  },
  {
    "id":201,
    "province":"พังงา",
    "name":"กะปง",
    "caseCount":0
  },
  {
    "id":202,
    "province":"ชัยภูมิ",
    "name":"เกษตรสมบูรณ์",
    "caseCount":43
  },
  {
    "id":203,
    "province":"ร้อยเอ็ด",
    "name":"เกษตรวิสัย",
    "caseCount":35
  },
  {
    "id":204,
    "province":"ภูเก็ต",
    "name":"กะทู้",
    "caseCount":5
  },
  {
    "id":205,
    "province":"สิงห์บุรี",
    "name":"ค่ายบางระจัน",
    "caseCount":17
  },
  {
    "id":206,
    "province":"มุกดาหาร",
    "name":"คำชะอี",
    "caseCount":5
  },
  {
    "id":207,
    "province":"ยโสธร",
    "name":"คำเขื่อนแก้ว",
    "caseCount":9
  },
  {
    "id":208,
    "province":"กาฬสินธุ์",
    "name":"คำม่วง",
    "caseCount":15
  },
  {
    "id":209,
    "province":"นครราชสีมา",
    "name":"ขามสะแกแสง",
    "caseCount":1
  },
  {
    "id":210,
    "province":"สกลนคร",
    "name":"คำตากล้า",
    "caseCount":19
  },
  {
    "id":211,
    "province":"นครราชสีมา",
    "name":"ขามทะเลสอ",
    "caseCount":1
  },
  {
    "id":212,
    "province":"กรุงเทพมหานคร",
    "name":"คันนายาว",
    "caseCount":241
  },
  {
    "id":213,
    "province":"นครศรีธรรมราช",
    "name":"ขนอม",
    "caseCount":0
  },
  {
    "id":214,
    "province":"กำแพงเพชร",
    "name":"ขาณุวรลักษบุรี",
    "caseCount":54
  },
  {
    "id":215,
    "province":"พัทลุง",
    "name":"เขาชัยสน",
    "caseCount":3
  },
  {
    "id":216,
    "province":"สระแก้ว",
    "name":"เขาฉกรรจ์",
    "caseCount":18
  },
  {
    "id":217,
    "province":"เพชรบูรณ์",
    "name":"เขาค้อ",
    "caseCount":5
  },
  {
    "id":218,
    "province":"กระบี่",
    "name":"เขาพนม",
    "caseCount":0
  },
  {
    "id":219,
    "province":"ตราด",
    "name":"เขาสมิง",
    "caseCount":48
  },
  {
    "id":220,
    "province":"ขอนแก่น",
    "name":"เขาสวนกวาง",
    "caseCount":0
  },
  {
    "id":221,
    "province":"กาฬสินธุ์",
    "name":"เขาวง",
    "caseCount":26
  },
  {
    "id":222,
    "province":"เพชรบุรี",
    "name":"เขาย้อย",
    "caseCount":137
  },
  {
    "id":223,
    "province":"อุบลราชธานี",
    "name":"เขมราฐ",
    "caseCount":7
  },
  {
    "id":224,
    "province":"สุราษฎร์ธานี",
    "name":"เคียนซา",
    "caseCount":1
  },
  {
    "id":225,
    "province":"สุโขทัย",
    "name":"คีรีมาศ",
    "caseCount":49
  },
  {
    "id":226,
    "province":"สุราษฎร์ธานี",
    "name":"คีรีรัฐนิคม",
    "caseCount":25
  },
  {
    "id":227,
    "province":"สระแก้ว",
    "name":"คลองหาด",
    "caseCount":20
  },
  {
    "id":228,
    "province":"สงขลา",
    "name":"คลองหอยโข่ง",
    "caseCount":15
  },
  {
    "id":229,
    "province":"กำแพงเพชร",
    "name":"คลองขลุง",
    "caseCount":27
  },
  {
    "id":230,
    "province":"กำแพงเพชร",
    "name":"คลองลาน",
    "caseCount":23
  },
  {
    "id":231,
    "province":"ปทุมธานี",
    "name":"คลองหลวง",
    "caseCount":3287
  },
  {
    "id":232,
    "province":"กรุงเทพมหานคร",
    "name":"คลองสามวา",
    "caseCount":555
  },
  {
    "id":233,
    "province":"กรุงเทพมหานคร",
    "name":"คลองสาน",
    "caseCount":518
  },
  {
    "id":234,
    "province":"กระบี่",
    "name":"คลองท่อม",
    "caseCount":93
  },
  {
    "id":235,
    "province":"กรุงเทพมหานคร",
    "name":"คลองเตย",
    "caseCount":739
  },
  {
    "id":236,
    "province":"ตราด",
    "name":"คลองใหญ่",
    "caseCount":7
  },
  {
    "id":237,
    "province":"จันทบุรี",
    "name":"ขลุง",
    "caseCount":10
  },
  {
    "id":238,
    "province":"ยโสธร",
    "name":"ค้อวัง",
    "caseCount":0
  },
  {
    "id":239,
    "province":"ลพบุรี",
    "name":"โคกเจริญ",
    "caseCount":41
  },
  {
    "id":240,
    "province":"ปัตตานี",
    "name":"โคกโพธิ์",
    "caseCount":201
  },
  {
    "id":241,
    "province":"ลพบุรี",
    "name":"โคกสำโรง",
    "caseCount":207
  },
  {
    "id":242,
    "province":"สกลนคร",
    "name":"โคกศรีสุพรรณ",
    "caseCount":4
  },
  {
    "id":243,
    "province":"นครราชสีมา",
    "name":"ครบุรี",
    "caseCount":1
  },
  {
    "id":244,
    "province":"ชัยภูมิ",
    "name":"คอนสาร",
    "caseCount":18
  },
  {
    "id":245,
    "province":"ชัยภูมิ",
    "name":"คอนสวรรค์",
    "caseCount":9
  },
  {
    "id":246,
    "province":"นครราชสีมา",
    "name":"คง",
    "caseCount":3
  },
  {
    "id":247,
    "province":"อุบลราชธานี",
    "name":"โขงเจียม",
    "caseCount":5
  },
  {
    "id":248,
    "province":"บุรีรัมย์",
    "name":"คูเมือง",
    "caseCount":6
  },
  {
    "id":249,
    "province":"สตูล",
    "name":"ควนโดน",
    "caseCount":38
  },
  {
    "id":250,
    "province":"สตูล",
    "name":"ควนกาหลง",
    "caseCount":12
  },
  {
    "id":251,
    "province":"พัทลุง",
    "name":"ควนขนุน",
    "caseCount":5
  },
  {
    "id":252,
    "province":"สงขลา",
    "name":"ควนเนียง",
    "caseCount":37
  },
  {
    "id":253,
    "province":"อุบลราชธานี",
    "name":"เขื่องใน",
    "caseCount":7
  },
  {
    "id":254,
    "province":"ศรีสะเกษ",
    "name":"ขุขันธ์",
    "caseCount":11
  },
  {
    "id":255,
    "province":"ศรีสะเกษ",
    "name":"ขุนหาญ",
    "caseCount":13
  },
  {
    "id":256,
    "province":"เชียงราย",
    "name":"ขุนตาล",
    "caseCount":2
  },
  {
    "id":257,
    "province":"แม่ฮ่องสอน",
    "name":"ขุนยวม",
    "caseCount":3
  },
  {
    "id":258,
    "province":"พังงา",
    "name":"คุระบุรี",
    "caseCount":11
  },
  {
    "id":259,
    "province":"บุรีรัมย์",
    "name":"กิ่งอำเภอบ้านด่าน",
    "caseCount":0
  },
  {
    "id":260,
    "province":"ขอนแก่น",
    "name":"กิ่งอำเภอบ้านแฮด",
    "caseCount":0
  },
  {
    "id":261,
    "province":"ราชบุรี",
    "name":"กิ่งอำเภอบ้านคา",
    "caseCount":0
  },
  {
    "id":262,
    "province":"สมุทรปราการ",
    "name":"กิ่งอำเภอบางเสาธง",
    "caseCount":1
  },
  {
    "id":263,
    "province":"นครราชสีมา",
    "name":"กิ่งอำเภอบัวลาย",
    "caseCount":0
  },
  {
    "id":264,
    "province":"พิจิตร",
    "name":"กิ่งอำเภอบึงนาราง",
    "caseCount":0
  },
  {
    "id":265,
    "province":"กำแพงเพชร",
    "name":"กิ่งอำเภอบึงสามัคคี",
    "caseCount":0
  },
  {
    "id":266,
    "province":"นครศรีธรรมราช",
    "name":"กิ่งอำเภอช้างกลาง",
    "caseCount":0
  },
  {
    "id":267,
    "province":"ร้อยเอ็ด",
    "name":"กิ่งอำเภอเชียงขวัญ",
    "caseCount":0
  },
  {
    "id":268,
    "province":"มหาสารคาม",
    "name":"กิ่งอำเภอชื่นชม",
    "caseCount":0
  },
  {
    "id":269,
    "province":"นครสวรรค์",
    "name":"กิ่งอำเภอชุมตาบง",
    "caseCount":0
  },
  {
    "id":270,
    "province":"เชียงใหม่",
    "name":"กิ่งอำเภอดอยหล่อ",
    "caseCount":0
  },
  {
    "id":271,
    "province":"เชียงราย",
    "name":"กิ่งอำเภอดอยหลวง",
    "caseCount":0
  },
  {
    "id":272,
    "province":"กาฬสินธุ์",
    "name":"กิ่งอำเภอดอนจาน",
    "caseCount":0
  },
  {
    "id":273,
    "province":"พิจิตร",
    "name":"กิ่งอำเภอดงเจริญ",
    "caseCount":0
  },
  {
    "id":274,
    "province":"เลย",
    "name":"กิ่งอำเภอเอราวัณ",
    "caseCount":0
  },
  {
    "id":275,
    "province":"หนองคาย",
    "name":"กิ่งอำเภอเฝ้าไร่",
    "caseCount":0
  },
  {
    "id":276,
    "province":"ตรัง",
    "name":"กิ่งอำเภอหาดสำราญ",
    "caseCount":0
  },
  {
    "id":277,
    "province":"บุรีรัมย์",
    "name":"กิ่งอำเภอแคนดง",
    "caseCount":0
  },
  {
    "id":278,
    "province":"ระยอง",
    "name":"กิ่งอำเภอเขาชะเมา",
    "caseCount":0
  },
  {
    "id":279,
    "province":"จันทบุรี",
    "name":"กิ่งอำเภอเขาคิชฌกูฏ",
    "caseCount":0
  },
  {
    "id":280,
    "province":"สุรินทร์",
    "name":"กิ่งอำเภอเขวาสินรินทร์",
    "caseCount":0
  },
  {
    "id":281,
    "province":"ฉะเชิงเทรา",
    "name":"กิ่งอำเภอคลองเขื่อน",
    "caseCount":0
  },
  {
    "id":282,
    "province":"ขอนแก่น",
    "name":"กิ่งอำเภอโคกโพธิ์ไชย",
    "caseCount":0
  },
  {
    "id":283,
    "province":"สระแก้ว",
    "name":"กิ่งอำเภอโคกสูง",
    "caseCount":0
  },
  {
    "id":284,
    "province":"กาฬสินธุ์",
    "name":"กิ่งอำเภอฆ้องชัย",
    "caseCount":0
  },
  {
    "id":285,
    "province":"ชลบุรี",
    "name":"กิ่งอำเภอเกาะจันทร์",
    "caseCount":0
  },
  {
    "id":286,
    "province":"ตราด",
    "name":"กิ่งอำเภอเกาะช้าง",
    "caseCount":0
  },
  {
    "id":287,
    "province":"ตราด",
    "name":"กิ่งอำเภอเกาะกูด",
    "caseCount":0
  },
  {
    "id":288,
    "province":"กำแพงเพชร",
    "name":"กิ่งอำเภอโกสัมพีนคร",
    "caseCount":0
  },
  {
    "id":289,
    "province":"อุดรธานี",
    "name":"กิ่งอำเภอกู่แก้ว",
    "caseCount":0
  },
  {
    "id":290,
    "province":"มหาสารคาม",
    "name":"กิ่งอำเภอกุดรัง",
    "caseCount":0
  },
  {
    "id":291,
    "province":"นครราชสีมา",
    "name":"กิ่งอำเภอลำทะเมนชัย",
    "caseCount":0
  },
  {
    "id":292,
    "province":"อุบลราชธานี",
    "name":"กิ่งอำเภอเหล่าเสือโก้ก",
    "caseCount":0
  },
  {
    "id":293,
    "province":"เชียงใหม่",
    "name":"กิ่งอำเภอแม่ออน",
    "caseCount":0
  },
  {
    "id":294,
    "province":"นครสวรรค์",
    "name":"กิ่งอำเภอแม่เปิน",
    "caseCount":0
  },
  {
    "id":295,
    "province":"สตูล",
    "name":"กิ่งอำเภอมะนัง",
    "caseCount":0
  },
  {
    "id":296,
    "province":"นครราชสีมา",
    "name":"กิ่งอำเภอเมืองยาง",
    "caseCount":0
  },
  {
    "id":297,
    "province":"กาฬสินธุ์",
    "name":"กิ่งอำเภอนาคู",
    "caseCount":0
  },
  {
    "id":298,
    "province":"อุบลราชธานี",
    "name":"กิ่งอำเภอนาตาล",
    "caseCount":0
  },
  {
    "id":299,
    "province":"อุบลราชธานี",
    "name":"กิ่งอำเภอนาเยีย",
    "caseCount":0
  },
  {
    "id":300,
    "province":"อุบลราชธานี",
    "name":"กิ่งอำเภอน้ำขุ่น",
    "caseCount":0
  },
  {
    "id":301,
    "province":"ระยอง",
    "name":"กิ่งอำเภอนิคมพัฒนา",
    "caseCount":0
  },
  {
    "id":302,
    "province":"ชัยนาท",
    "name":"กิ่งอำเภอเนินขาม",
    "caseCount":0
  },
  {
    "id":303,
    "province":"สุรินทร์",
    "name":"กิ่งอำเภอโนนนารายณ์",
    "caseCount":0
  },
  {
    "id":304,
    "province":"ขอนแก่น",
    "name":"กิ่งอำเภอโนนศิลา",
    "caseCount":0
  },
  {
    "id":305,
    "province":"ร้อยเอ็ด",
    "name":"กิ่งอำเภอหนองฮี",
    "caseCount":0
  },
  {
    "id":306,
    "province":"เลย",
    "name":"กิ่งอำเภอหนองหิน",
    "caseCount":0
  },
  {
    "id":307,
    "province":"ชัยนาท",
    "name":"กิ่งอำเภอหนองมะโมง",
    "caseCount":0
  },
  {
    "id":308,
    "province":"ขอนแก่น",
    "name":"กิ่งอำเภอหนองนาคำ",
    "caseCount":0
  },
  {
    "id":309,
    "province":"นครศรีธรรมราช",
    "name":"กิ่งอำเภอนบพิตำ",
    "caseCount":0
  },
  {
    "id":310,
    "province":"สุรินทร์",
    "name":"กิ่งอำเภอพนมดงรัก",
    "caseCount":0
  },
  {
    "id":311,
    "province":"ศรีสะเกษ",
    "name":"กิ่งอำเภอโพธิ์ศรีสุวรรณ",
    "caseCount":0
  },
  {
    "id":312,
    "province":"หนองคาย",
    "name":"กิ่งอำเภอโพธิ์ตาก",
    "caseCount":0
  },
  {
    "id":313,
    "province":"นครราชสีมา",
    "name":"กิ่งอำเภอพระทองคำ",
    "caseCount":0
  },
  {
    "id":314,
    "province":"พะเยา",
    "name":"กิ่งอำเภอภูกามยาว",
    "caseCount":0
  },
  {
    "id":315,
    "province":"น่าน",
    "name":"กิ่งอำเภอภูเพียง",
    "caseCount":0
  },
  {
    "id":316,
    "province":"พะเยา",
    "name":"กิ่งอำเภอภูซาง",
    "caseCount":0
  },
  {
    "id":317,
    "province":"อุดรธานี",
    "name":"กิ่งอำเภอประจักษ์ศิลปาคม",
    "caseCount":0
  },
  {
    "id":318,
    "province":"หนองคาย",
    "name":"กิ่งอำเภอรัตนวาปี",
    "caseCount":0
  },
  {
    "id":319,
    "province":"หนองคาย",
    "name":"กิ่งอำเภอสระใคร",
    "caseCount":0
  },
  {
    "id":320,
    "province":"พิจิตร",
    "name":"กิ่งอำเภอสากเหล็ก",
    "caseCount":0
  },
  {
    "id":321,
    "province":"กาฬสินธุ์",
    "name":"กิ่งอำเภอสามชัย",
    "caseCount":0
  },
  {
    "id":322,
    "province":"ประจวบคีรีขันธ์",
    "name":"กิ่งอำเภอสามร้อยยอด",
    "caseCount":0
  },
  {
    "id":323,
    "province":"ขอนแก่น",
    "name":"กิ่งอำเภอซำสูง",
    "caseCount":0
  },
  {
    "id":324,
    "province":"ชัยภูมิ",
    "name":"กิ่งอำเภอซับใหญ่",
    "caseCount":0
  },
  {
    "id":325,
    "province":"อุบลราชธานี",
    "name":"กิ่งอำเภอสว่างวีระวงศ์",
    "caseCount":0
  },
  {
    "id":326,
    "province":"สุรินทร์",
    "name":"กิ่งอำเภอศรีณรงค์",
    "caseCount":0
  },
  {
    "id":327,
    "province":"นครราชสีมา",
    "name":"กิ่งอำเภอสีดา",
    "caseCount":0
  },
  {
    "id":328,
    "province":"ศรีสะเกษ",
    "name":"กิ่งอำเภอศิลาลาด",
    "caseCount":0
  },
  {
    "id":329,
    "province":"พัทลุง",
    "name":"กิ่งอำเภอศรีนครินทร์",
    "caseCount":0
  },
  {
    "id":330,
    "province":"ระนอง",
    "name":"กิ่งอำเภอสุขสำราญ",
    "caseCount":0
  },
  {
    "id":331,
    "province":"นครราชสีมา",
    "name":"กิ่งอำเภอเทพารักษ์",
    "caseCount":0
  },
  {
    "id":332,
    "province":"ร้อยเอ็ด",
    "name":"กิ่งอำเภอทุ่งเขาหลวง",
    "caseCount":0
  },
  {
    "id":333,
    "province":"สุราษฎร์ธานี",
    "name":"กิ่งอำเภอวิภาวดี",
    "caseCount":0
  },
  {
    "id":334,
    "province":"ตาก",
    "name":"กิ่งอำเภอวังเจ้า",
    "caseCount":0
  },
  {
    "id":335,
    "province":"สระแก้ว",
    "name":"กิ่งอำเภอวังสมบูรณ์",
    "caseCount":0
  },
  {
    "id":336,
    "province":"นครพนม",
    "name":"กิ่งอำเภอวังยาง",
    "caseCount":0
  },
  {
    "id":337,
    "province":"เชียงราย",
    "name":"กิ่งอำเภอเวียงเชียงรุ้ง",
    "caseCount":0
  },
  {
    "id":338,
    "province":"ลำพูน",
    "name":"กิ่งอำเภอเวียงหนองล่อง",
    "caseCount":0
  },
  {
    "id":339,
    "province":"ระยอง",
    "name":"แกลง",
    "caseCount":89
  },
  {
    "id":340,
    "province":"ลำปาง",
    "name":"เกาะคา",
    "caseCount":17
  },
  {
    "id":341,
    "province":"กระบี่",
    "name":"เกาะลันตา",
    "caseCount":35
  },
  {
    "id":342,
    "province":"สุราษฎร์ธานี",
    "name":"เกาะพะงัน",
    "caseCount":0
  },
  {
    "id":343,
    "province":"สุราษฎร์ธานี",
    "name":"เกาะสมุย",
    "caseCount":6
  },
  {
    "id":344,
    "province":"ชลบุรี",
    "name":"เกาะสีชัง",
    "caseCount":9
  },
  {
    "id":345,
    "province":"พังงา",
    "name":"เกาะยาว",
    "caseCount":20
  },
  {
    "id":346,
    "province":"สุโขทัย",
    "name":"กงไกรลาศ",
    "caseCount":24
  },
  {
    "id":347,
    "province":"พัทลุง",
    "name":"กงหรา",
    "caseCount":24
  },
  {
    "id":348,
    "province":"มหาสารคาม",
    "name":"โกสุมพิสัย",
    "caseCount":44
  },
  {
    "id":349,
    "province":"ระนอง",
    "name":"กระบุรี",
    "caseCount":4
  },
  {
    "id":350,
    "province":"ขอนแก่น",
    "name":"กระนวน",
    "caseCount":14
  },
  {
    "id":351,
    "province":"สงขลา",
    "name":"กระแสสินธุ์",
    "caseCount":1
  },
  {
    "id":352,
    "province":"บุรีรัมย์",
    "name":"กระสัง",
    "caseCount":5
  },
  {
    "id":353,
    "province":"สมุทรสาคร",
    "name":"กระทุ่มแบน",
    "caseCount":2131
  },
  {
    "id":354,
    "province":"นครสวรรค์",
    "name":"โกรกพระ",
    "caseCount":15
  },
  {
    "id":355,
    "province":"ยะลา",
    "name":"กรงปินัง",
    "caseCount":179
  },
  {
    "id":356,
    "province":"กาฬสินธุ์",
    "name":"กุฉินารายณ์",
    "caseCount":27
  },
  {
    "id":357,
    "province":"ประจวบคีรีขันธ์",
    "name":"กุยบุรี",
    "caseCount":7
  },
  {
    "id":358,
    "province":"อุดรธานี",
    "name":"กุมภวาปี",
    "caseCount":19
  },
  {
    "id":359,
    "province":"สกลนคร",
    "name":"กุสุมาลย์",
    "caseCount":27
  },
  {
    "id":360,
    "province":"สกลนคร",
    "name":"กุดบาก",
    "caseCount":10
  },
  {
    "id":361,
    "province":"อุดรธานี",
    "name":"กุดจับ",
    "caseCount":21
  },
  {
    "id":362,
    "province":"ยโสธร",
    "name":"กุดชุม",
    "caseCount":1
  },
  {
    "id":363,
    "province":"อุบลราชธานี",
    "name":"กุดข้าวปุ้น",
    "caseCount":0
  },
  {
    "id":364,
    "province":"สตูล",
    "name":"ละงู",
    "caseCount":7
  },
  {
    "id":365,
    "province":"ระนอง",
    "name":"ละอุ่น",
    "caseCount":3
  },
  {
    "id":366,
    "province":"ตราด",
    "name":"แหลมงอบ",
    "caseCount":9
  },
  {
    "id":367,
    "province":"จันทบุรี",
    "name":"แหลมสิงห์",
    "caseCount":6
  },
  {
    "id":368,
    "province":"บุรีรัมย์",
    "name":"ละหานทราย",
    "caseCount":1
  },
  {
    "id":369,
    "province":"กรุงเทพมหานคร",
    "name":"หลักสี่",
    "caseCount":346
  },
  {
    "id":370,
    "province":"ปทุมธานี",
    "name":"ลำลูกกา",
    "caseCount":1012
  },
  {
    "id":371,
    "province":"บุรีรัมย์",
    "name":"ลำปลายมาศ",
    "caseCount":8
  },
  {
    "id":372,
    "province":"ลพบุรี",
    "name":"ลำสนธิ",
    "caseCount":11
  },
  {
    "id":373,
    "province":"กระบี่",
    "name":"ลำทับ",
    "caseCount":8
  },
  {
    "id":374,
    "province":"ชุมพร",
    "name":"ละแม",
    "caseCount":7
  },
  {
    "id":375,
    "province":"สุรินทร์",
    "name":"ลำดวน",
    "caseCount":4
  },
  {
    "id":376,
    "province":"กำแพงเพชร",
    "name":"ลานกระบือ",
    "caseCount":18
  },
  {
    "id":377,
    "province":"อุทัยธานี",
    "name":"ลานสัก",
    "caseCount":33
  },
  {
    "id":378,
    "province":"นครศรีธรรมราช",
    "name":"ลานสกา",
    "caseCount":7
  },
  {
    "id":379,
    "province":"ชุมพร",
    "name":"หลังสวน",
    "caseCount":19
  },
  {
    "id":380,
    "province":"กาญจนบุรี",
    "name":"เลาขวัญ",
    "caseCount":16
  },
  {
    "id":381,
    "province":"อุตรดิตถ์",
    "name":"ลับแล",
    "caseCount":11
  },
  {
    "id":382,
    "province":"พระนครศรีอยุธยา",
    "name":"ลาดบัวหลวง",
    "caseCount":31
  },
  {
    "id":383,
    "province":"กรุงเทพมหานคร",
    "name":"ลาดกระบัง",
    "caseCount":1146
  },
  {
    "id":384,
    "province":"ปทุมธานี",
    "name":"ลาดหลุมแก้ว",
    "caseCount":115
  },
  {
    "id":385,
    "province":"กรุงเทพมหานคร",
    "name":"ลาดพร้าว",
    "caseCount":186
  },
  {
    "id":386,
    "province":"นครสวรรค์",
    "name":"ลาดยาว",
    "caseCount":23
  },
  {
    "id":387,
    "province":"ลำพูน",
    "name":"ลี้",
    "caseCount":7
  },
  {
    "id":388,
    "province":"ยโสธร",
    "name":"เลิงนกทา",
    "caseCount":19
  },
  {
    "id":389,
    "province":"เพชรบูรณ์",
    "name":"หล่มเก่า",
    "caseCount":18
  },
  {
    "id":390,
    "province":"เพชรบูรณ์",
    "name":"หล่มสัก",
    "caseCount":43
  },
  {
    "id":391,
    "province":"แพร่",
    "name":"ลอง",
    "caseCount":13
  },
  {
    "id":392,
    "province":"อำนาจเจริญ",
    "name":"ลืออำนาจ",
    "caseCount":3
  },
  {
    "id":393,
    "province":"เชียงใหม่",
    "name":"แม่อาย",
    "caseCount":8
  },
  {
    "id":394,
    "province":"เชียงใหม่",
    "name":"แม่แจ่ม",
    "caseCount":4
  },
  {
    "id":395,
    "province":"พะเยา",
    "name":"แม่ใจ",
    "caseCount":10
  },
  {
    "id":396,
    "province":"เชียงราย",
    "name":"แม่จัน",
    "caseCount":24
  },
  {
    "id":397,
    "province":"น่าน",
    "name":"แม่จริม",
    "caseCount":11
  },
  {
    "id":398,
    "province":"เชียงราย",
    "name":"แม่ฟ้าหลวง",
    "caseCount":2
  },
  {
    "id":399,
    "province":"แม่ฮ่องสอน",
    "name":"แม่ลาน้อย",
    "caseCount":1
  },
  {
    "id":400,
    "province":"ปัตตานี",
    "name":"แม่ลาน",
    "caseCount":63
  },
  {
    "id":401,
    "province":"เชียงราย",
    "name":"แม่ลาว",
    "caseCount":0
  },
  {
    "id":402,
    "province":"ลำปาง",
    "name":"แม่เมาะ",
    "caseCount":10
  },
  {
    "id":403,
    "province":"ลำปาง",
    "name":"แม่พริก",
    "caseCount":13
  },
  {
    "id":404,
    "province":"ตาก",
    "name":"แม่ระมาด",
    "caseCount":4
  },
  {
    "id":405,
    "province":"เชียงใหม่",
    "name":"แม่ริม",
    "caseCount":19
  },
  {
    "id":406,
    "province":"เชียงราย",
    "name":"แม่สาย",
    "caseCount":30
  },
  {
    "id":407,
    "province":"แม่ฮ่องสอน",
    "name":"แม่สะเรียง",
    "caseCount":0
  },
  {
    "id":408,
    "province":"เชียงราย",
    "name":"แม่สรวย",
    "caseCount":5
  },
  {
    "id":409,
    "province":"ตาก",
    "name":"แม่สอด",
    "caseCount":683
  },
  {
    "id":410,
    "province":"เชียงใหม่",
    "name":"แม่แตง",
    "caseCount":5
  },
  {
    "id":411,
    "province":"ลำพูน",
    "name":"แม่ทา",
    "caseCount":2
  },
  {
    "id":412,
    "province":"เชียงใหม่",
    "name":"แม่วาง",
    "caseCount":6
  },
  {
    "id":413,
    "province":"นครสวรรค์",
    "name":"แม่วงก์",
    "caseCount":32
  },
  {
    "id":414,
    "province":"ยโสธร",
    "name":"มหาชนะชัย",
    "caseCount":4
  },
  {
    "id":415,
    "province":"พระนครศรีอยุธยา",
    "name":"มหาราช",
    "caseCount":21
  },
  {
    "id":416,
    "province":"ปัตตานี",
    "name":"ไม้แก่น",
    "caseCount":15
  },
  {
    "id":417,
    "province":"จันทบุรี",
    "name":"มะขาม",
    "caseCount":11
  },
  {
    "id":418,
    "province":"ขอนแก่น",
    "name":"มัญจาคีรี",
    "caseCount":6
  },
  {
    "id":419,
    "province":"ชัยนาท",
    "name":"มโนรมย์",
    "caseCount":16
  },
  {
    "id":420,
    "province":"ปัตตานี",
    "name":"มายอ",
    "caseCount":364
  },
  {
    "id":421,
    "province":"กรุงเทพมหานคร",
    "name":"มีนบุรี",
    "caseCount":455
  },
  {
    "id":422,
    "province":"ร้อยเอ็ด",
    "name":"เมยวดี",
    "caseCount":8
  },
  {
    "id":423,
    "province":"สระบุรี",
    "name":"มวกเหล็ก",
    "caseCount":18
  },
  {
    "id":424,
    "province":"บึงกาฬ",
    "name":"เมืองบึงกาฬ",
    "caseCount":8
  },
  {
    "id":425,
    "province":"อุบลราชธานี",
    "name":"ม่วงสามสิบ",
    "caseCount":8
  },
  {
    "id":426,
    "province":"อำนาจเจริญ",
    "name":"เมืองอำนาจเจริญ",
    "caseCount":15
  },
  {
    "id":427,
    "province":"อ่างทอง",
    "name":"เมืองอ่างทอง",
    "caseCount":195
  },
  {
    "id":428,
    "province":"บุรีรัมย์",
    "name":"เมืองบุรีรัมย์",
    "caseCount":10
  },
  {
    "id":429,
    "province":"ฉะเชิงเทรา",
    "name":"เมืองฉะเชิงเทรา",
    "caseCount":9
  },
  {
    "id":430,
    "province":"ชัยนาท",
    "name":"เมืองชัยนาท",
    "caseCount":34
  },
  {
    "id":431,
    "province":"ชัยภูมิ",
    "name":"เมืองชัยภูมิ",
    "caseCount":31
  },
  {
    "id":432,
    "province":"ศรีสะเกษ",
    "name":"เมืองจันทร์",
    "caseCount":2
  },
  {
    "id":433,
    "province":"จันทบุรี",
    "name":"เมืองจันทบุรี",
    "caseCount":90
  },
  {
    "id":434,
    "province":"เชียงใหม่",
    "name":"เมืองเชียงใหม่",
    "caseCount":51
  },
  {
    "id":435,
    "province":"เชียงราย",
    "name":"เมืองเชียงราย",
    "caseCount":37
  },
  {
    "id":436,
    "province":"ชลบุรี",
    "name":"เมืองชลบุรี",
    "caseCount":986
  },
  {
    "id":437,
    "province":"ชุมพร",
    "name":"เมืองชุมพร",
    "caseCount":10
  },
  {
    "id":438,
    "province":"กาฬสินธุ์",
    "name":"เมืองกาฬสินธุ์",
    "caseCount":29
  },
  {
    "id":439,
    "province":"กำแพงเพชร",
    "name":"เมืองกำแพงเพชร",
    "caseCount":107
  },
  {
    "id":440,
    "province":"กาญจนบุรี",
    "name":"เมืองกาญจนบุรี",
    "caseCount":48
  },
  {
    "id":441,
    "province":"ขอนแก่น",
    "name":"เมืองขอนแก่น",
    "caseCount":83
  },
  {
    "id":442,
    "province":"กระบี่",
    "name":"เมืองกระบี่",
    "caseCount":41
  },
  {
    "id":443,
    "province":"ลำปาง",
    "name":"เมืองลำปาง",
    "caseCount":95
  },
  {
    "id":444,
    "province":"ลำพูน",
    "name":"เมืองลำพูน",
    "caseCount":9
  },
  {
    "id":445,
    "province":"เลย",
    "name":"เมืองเลย",
    "caseCount":18
  },
  {
    "id":446,
    "province":"ลพบุรี",
    "name":"เมืองลพบุรี",
    "caseCount":228
  },
  {
    "id":447,
    "province":"แม่ฮ่องสอน",
    "name":"เมืองแม่ฮ่องสอน",
    "caseCount":2
  },
  {
    "id":448,
    "province":"มหาสารคาม",
    "name":"เมืองมหาสารคาม",
    "caseCount":64
  },
  {
    "id":449,
    "province":"มุกดาหาร",
    "name":"เมืองมุกดาหาร",
    "caseCount":20
  },
  {
    "id":450,
    "province":"นครนายก",
    "name":"เมืองนครนายก",
    "caseCount":150
  },
  {
    "id":451,
    "province":"นครปฐม",
    "name":"เมืองนครปฐม",
    "caseCount":791
  },
  {
    "id":452,
    "province":"นครพนม",
    "name":"เมืองนครพนม",
    "caseCount":35
  },
  {
    "id":453,
    "province":"นครราชสีมา",
    "name":"เมืองนครราชสีมา",
    "caseCount":10
  },
  {
    "id":454,
    "province":"นครสวรรค์",
    "name":"เมืองนครสวรรค์",
    "caseCount":146
  },
  {
    "id":455,
    "province":"นครศรีธรรมราช",
    "name":"เมืองนครศรีธรรมราช",
    "caseCount":48
  },
  {
    "id":456,
    "province":"น่าน",
    "name":"เมืองน่าน",
    "caseCount":9
  },
  {
    "id":457,
    "province":"นราธิวาส",
    "name":"เมืองนราธิวาส",
    "caseCount":158
  },
  {
    "id":458,
    "province":"หนองบัวลำภู",
    "name":"เมืองหนองบัวลำภู",
    "caseCount":30
  },
  {
    "id":459,
    "province":"หนองคาย",
    "name":"เมืองหนองคาย",
    "caseCount":34
  },
  {
    "id":460,
    "province":"นนทบุรี",
    "name":"เมืองนนทบุรี",
    "caseCount":824
  },
  {
    "id":461,
    "province":"ลำปาง",
    "name":"เมืองปาน",
    "caseCount":10
  },
  {
    "id":462,
    "province":"ปทุมธานี",
    "name":"เมืองปทุมธานี",
    "caseCount":320
  },
  {
    "id":463,
    "province":"ปัตตานี",
    "name":"เมืองปัตตานี",
    "caseCount":762
  },
  {
    "id":464,
    "province":"พังงา",
    "name":"เมืองพังงา",
    "caseCount":2
  },
  {
    "id":465,
    "province":"พัทลุง",
    "name":"เมืองพัทลุง",
    "caseCount":21
  },
  {
    "id":466,
    "province":"พะเยา",
    "name":"เมืองพะเยา",
    "caseCount":21
  },
  {
    "id":467,
    "province":"เพชรบูรณ์",
    "name":"เมืองเพชรบูรณ์",
    "caseCount":79
  },
  {
    "id":468,
    "province":"เพชรบุรี",
    "name":"เมืองเพชรบุรี",
    "caseCount":122
  },
  {
    "id":469,
    "province":"พิจิตร",
    "name":"เมืองพิจิตร",
    "caseCount":32
  },
  {
    "id":470,
    "province":"พิษณุโลก",
    "name":"เมืองพิษณุโลก",
    "caseCount":86
  },
  {
    "id":471,
    "province":"แพร่",
    "name":"เมืองแพร่",
    "caseCount":12
  },
  {
    "id":472,
    "province":"ภูเก็ต",
    "name":"เมืองภูเก็ต",
    "caseCount":44
  },
  {
    "id":473,
    "province":"ปราจีนบุรี",
    "name":"เมืองปราจีนบุรี",
    "caseCount":308
  },
  {
    "id":474,
    "province":"ประจวบคีรีขันธ์",
    "name":"เมืองประจวบคีรีขันธ์",
    "caseCount":37
  },
  {
    "id":475,
    "province":"ระนอง",
    "name":"เมืองระนอง",
    "caseCount":183
  },
  {
    "id":476,
    "province":"ราชบุรี",
    "name":"เมืองราชบุรี",
    "caseCount":285
  },
  {
    "id":477,
    "province":"ระยอง",
    "name":"เมืองระยอง",
    "caseCount":264
  },
  {
    "id":478,
    "province":"ร้อยเอ็ด",
    "name":"เมืองร้อยเอ็ด",
    "caseCount":23
  },
  {
    "id":479,
    "province":"สระแก้ว",
    "name":"เมืองสระแก้ว",
    "caseCount":22
  },
  {
    "id":480,
    "province":"สกลนคร",
    "name":"เมืองสกลนคร",
    "caseCount":25
  },
  {
    "id":481,
    "province":"สมุทรปราการ",
    "name":"เมืองสมุทรปราการ",
    "caseCount":2788
  },
  {
    "id":482,
    "province":"สมุทรสาคร",
    "name":"เมืองสมุทรสาคร",
    "caseCount":2945
  },
  {
    "id":483,
    "province":"สมุทรสงคราม",
    "name":"เมืองสมุทรสงคราม",
    "caseCount":157
  },
  {
    "id":484,
    "province":"สระบุรี",
    "name":"เมืองสระบุรี",
    "caseCount":204
  },
  {
    "id":485,
    "province":"สตูล",
    "name":"เมืองสตูล",
    "caseCount":54
  },
  {
    "id":486,
    "province":"ศรีสะเกษ",
    "name":"เมืองศรีสะเกษ",
    "caseCount":23
  },
  {
    "id":487,
    "province":"สิงห์บุรี",
    "name":"เมืองสิงห์บุรี",
    "caseCount":52
  },
  {
    "id":488,
    "province":"สงขลา",
    "name":"เมืองสงขลา",
    "caseCount":505
  },
  {
    "id":489,
    "province":"ร้อยเอ็ด",
    "name":"เมืองสรวง",
    "caseCount":13
  },
  {
    "id":490,
    "province":"สุโขทัย",
    "name":"เมืองสุโขทัย",
    "caseCount":60
  },
  {
    "id":491,
    "province":"สุพรรณบุรี",
    "name":"เมืองสุพรรณบุรี",
    "caseCount":170
  },
  {
    "id":492,
    "province":"สุราษฎร์ธานี",
    "name":"เมืองสุราษฎร์ธานี",
    "caseCount":143
  },
  {
    "id":493,
    "province":"สุรินทร์",
    "name":"เมืองสุรินทร์",
    "caseCount":9
  },
  {
    "id":494,
    "province":"ตาก",
    "name":"เมืองตาก",
    "caseCount":21
  },
  {
    "id":495,
    "province":"ตรัง",
    "name":"เมืองตรัง",
    "caseCount":27
  },
  {
    "id":496,
    "province":"ตราด",
    "name":"เมืองตราด",
    "caseCount":74
  },
  {
    "id":497,
    "province":"อุบลราชธานี",
    "name":"เมืองอุบลราชธานี",
    "caseCount":11
  },
  {
    "id":498,
    "province":"อุดรธานี",
    "name":"เมืองอุดรธานี",
    "caseCount":101
  },
  {
    "id":499,
    "province":"อุทัยธานี",
    "name":"เมืองอุทัยธานี",
    "caseCount":76
  },
  {
    "id":500,
    "province":"อุตรดิตถ์",
    "name":"เมืองอุตรดิตถ์",
    "caseCount":30
  },
  {
    "id":501,
    "province":"ยะลา",
    "name":"เมืองยะลา",
    "caseCount":904
  },
  {
    "id":502,
    "province":"ยโสธร",
    "name":"เมืองยโสธร",
    "caseCount":2
  },
  {
    "id":503,
    "province":"นครศรีธรรมราช",
    "name":"นาบอน",
    "caseCount":1
  },
  {
    "id":504,
    "province":"อุบลราชธานี",
    "name":"นาจะหลวย",
    "caseCount":4
  },
  {
    "id":505,
    "province":"มหาสารคาม",
    "name":"นาเชือก",
    "caseCount":20
  },
  {
    "id":506,
    "province":"ปราจีนบุรี",
    "name":"นาดี",
    "caseCount":14
  },
  {
    "id":507,
    "province":"เลย",
    "name":"นาด้วง",
    "caseCount":12
  },
  {
    "id":508,
    "province":"มหาสารคาม",
    "name":"นาดูน",
    "caseCount":27
  },
  {
    "id":509,
    "province":"เลย",
    "name":"นาแห้ว",
    "caseCount":2
  },
  {
    "id":510,
    "province":"นครพนม",
    "name":"นาแก",
    "caseCount":21
  },
  {
    "id":511,
    "province":"หนองบัวลำภู",
    "name":"นากลาง",
    "caseCount":13
  },
  {
    "id":512,
    "province":"สงขลา",
    "name":"นาหม่อม",
    "caseCount":28
  },
  {
    "id":513,
    "province":"กาฬสินธุ์",
    "name":"นามน",
    "caseCount":14
  },
  {
    "id":514,
    "province":"น่าน",
    "name":"นาหมื่น",
    "caseCount":0
  },
  {
    "id":515,
    "province":"น่าน",
    "name":"นาน้อย",
    "caseCount":7
  },
  {
    "id":516,
    "province":"บุรีรัมย์",
    "name":"นาโพธิ์",
    "caseCount":1
  },
  {
    "id":517,
    "province":"สงขลา",
    "name":"นาทวี",
    "caseCount":68
  },
  {
    "id":518,
    "province":"นครพนม",
    "name":"นาทม",
    "caseCount":11
  },
  {
    "id":519,
    "province":"นครพนม",
    "name":"นาหว้า",
    "caseCount":30
  },
  {
    "id":520,
    "province":"หนองบัวลำภู",
    "name":"นาวัง",
    "caseCount":7
  },
  {
    "id":521,
    "province":"จันทบุรี",
    "name":"นายายอาม",
    "caseCount":8
  },
  {
    "id":522,
    "province":"ตรัง",
    "name":"นาโยง",
    "caseCount":9
  },
  {
    "id":523,
    "province":"อุดรธานี",
    "name":"นายูง",
    "caseCount":3
  },
  {
    "id":524,
    "province":"นครปฐม",
    "name":"นครชัยศรี",
    "caseCount":307
  },
  {
    "id":525,
    "province":"พระนครศรีอยุธยา",
    "name":"นครหลวง",
    "caseCount":42
  },
  {
    "id":526,
    "province":"พิษณุโลก",
    "name":"นครไทย",
    "caseCount":20
  },
  {
    "id":527,
    "province":"ศรีสะเกษ",
    "name":"น้ำเกลี้ยง",
    "caseCount":8
  },
  {
    "id":528,
    "province":"เพชรบูรณ์",
    "name":"น้ำหนาว",
    "caseCount":4
  },
  {
    "id":529,
    "province":"อุตรดิตถ์",
    "name":"น้ำปาด",
    "caseCount":20
  },
  {
    "id":530,
    "province":"ขอนแก่น",
    "name":"น้ำพอง",
    "caseCount":8
  },
  {
    "id":531,
    "province":"อุดรธานี",
    "name":"น้ำโสม",
    "caseCount":13
  },
  {
    "id":532,
    "province":"อุบลราชธานี",
    "name":"น้ำยืน",
    "caseCount":14
  },
  {
    "id":533,
    "province":"บุรีรัมย์",
    "name":"นางรอง",
    "caseCount":6
  },
  {
    "id":534,
    "province":"ลำปาง",
    "name":"งาว",
    "caseCount":17
  },
  {
    "id":535,
    "province":"มุกดาหาร",
    "name":"นิคมคำสร้อย",
    "caseCount":3
  },
  {
    "id":536,
    "province":"สกลนคร",
    "name":"นิคมน้ำอูน",
    "caseCount":3
  },
  {
    "id":537,
    "province":"พิษณุโลก",
    "name":"เนินมะปราง",
    "caseCount":18
  },
  {
    "id":538,
    "province":"ชัยภูมิ",
    "name":"เนินสง่า",
    "caseCount":6
  },
  {
    "id":539,
    "province":"นครราชสีมา",
    "name":"โนนแดง",
    "caseCount":2
  },
  {
    "id":540,
    "province":"บุรีรัมย์",
    "name":"โนนดินแดง",
    "caseCount":0
  },
  {
    "id":541,
    "province":"ศรีสะเกษ",
    "name":"โนนคูณ",
    "caseCount":3
  },
  {
    "id":542,
    "province":"อุดรธานี",
    "name":"โนนสะอาด",
    "caseCount":24
  },
  {
    "id":543,
    "province":"หนองบัวลำภู",
    "name":"โนนสัง",
    "caseCount":39
  },
  {
    "id":544,
    "province":"นครราชสีมา",
    "name":"โนนสูง",
    "caseCount":4
  },
  {
    "id":545,
    "province":"บุรีรัมย์",
    "name":"โนนสุวรรณ",
    "caseCount":3
  },
  {
    "id":546,
    "province":"นครราชสีมา",
    "name":"โนนไทย",
    "caseCount":2
  },
  {
    "id":547,
    "province":"นครสวรรค์",
    "name":"หนองบัว",
    "caseCount":14
  },
  {
    "id":548,
    "province":"ชัยภูมิ",
    "name":"หนองบัวแดง",
    "caseCount":19
  },
  {
    "id":549,
    "province":"ชัยภูมิ",
    "name":"หนองบัวระเหว",
    "caseCount":8
  },
  {
    "id":550,
    "province":"นครราชสีมา",
    "name":"หนองบุนนาก",
    "caseCount":0
  },
  {
    "id":551,
    "province":"อุทัยธานี",
    "name":"หนองฉาง",
    "caseCount":25
  },
  {
    "id":552,
    "province":"ปัตตานี",
    "name":"หนองจิก",
    "caseCount":277
  },
  {
    "id":553,
    "province":"กรุงเทพมหานคร",
    "name":"หนองจอก",
    "caseCount":682
  },
  {
    "id":554,
    "province":"สระบุรี",
    "name":"หนองโดน",
    "caseCount":14
  },
  {
    "id":555,
    "province":"อุดรธานี",
    "name":"หนองหาน",
    "caseCount":14
  },
  {
    "id":556,
    "province":"บุรีรัมย์",
    "name":"หนองหงส์",
    "caseCount":1
  },
  {
    "id":557,
    "province":"อุทัยธานี",
    "name":"หนองขาหย่าง",
    "caseCount":1
  },
  {
    "id":558,
    "province":"สระบุรี",
    "name":"หนองแค",
    "caseCount":484
  },
  {
    "id":559,
    "province":"กรุงเทพมหานคร",
    "name":"หนองแขม",
    "caseCount":804
  },
  {
    "id":560,
    "province":"บุรีรัมย์",
    "name":"หนองกี่",
    "caseCount":5
  },
  {
    "id":561,
    "province":"กาฬสินธุ์",
    "name":"หนองกุงศรี",
    "caseCount":11
  },
  {
    "id":562,
    "province":"ลพบุรี",
    "name":"หนองม่วง",
    "caseCount":35
  },
  {
    "id":563,
    "province":"แพร่",
    "name":"หนองม่วงไข่",
    "caseCount":9
  },
  {
    "id":564,
    "province":"เพชรบูรณ์",
    "name":"หนองไผ่",
    "caseCount":65
  },
  {
    "id":565,
    "province":"ร้อยเอ็ด",
    "name":"หนองพอก",
    "caseCount":34
  },
  {
    "id":566,
    "province":"กาญจนบุรี",
    "name":"หนองปรือ",
    "caseCount":30
  },
  {
    "id":567,
    "province":"ขอนแก่น",
    "name":"หนองเรือ",
    "caseCount":15
  },
  {
    "id":568,
    "province":"สระบุรี",
    "name":"หนองแซง",
    "caseCount":16
  },
  {
    "id":569,
    "province":"ขอนแก่น",
    "name":"หนองสองห้อง",
    "caseCount":18
  },
  {
    "id":570,
    "province":"ปทุมธานี",
    "name":"หนองเสือ",
    "caseCount":121
  },
  {
    "id":571,
    "province":"มุกดาหาร",
    "name":"หนองสูง",
    "caseCount":17
  },
  {
    "id":572,
    "province":"อุดรธานี",
    "name":"หนองวัวซอ",
    "caseCount":17
  },
  {
    "id":573,
    "province":"เพชรบุรี",
    "name":"หนองหญ้าปล้อง",
    "caseCount":20
  },
  {
    "id":574,
    "province":"สุพรรณบุรี",
    "name":"หนองหญ้าไซ",
    "caseCount":19
  },
  {
    "id":575,
    "province":"ชลบุรี",
    "name":"หนองใหญ่",
    "caseCount":25
  },
  {
    "id":576,
    "province":"กระบี่",
    "name":"เหนือคลอง",
    "caseCount":15
  },
  {
    "id":577,
    "province":"เชียงใหม่",
    "name":"อมก๋อย",
    "caseCount":2
  },
  {
    "id":578,
    "province":"นครนายก",
    "name":"องครักษ์",
    "caseCount":140
  },
  {
    "id":579,
    "province":"พัทลุง",
    "name":"ป่าบอน",
    "caseCount":21
  },
  {
    "id":580,
    "province":"เชียงราย",
    "name":"ป่าแดด",
    "caseCount":0
  },
  {
    "id":581,
    "province":"อ่างทอง",
    "name":"ป่าโมก",
    "caseCount":36
  },
  {
    "id":582,
    "province":"พัทลุง",
    "name":"ป่าพะยอม",
    "caseCount":0
  },
  {
    "id":583,
    "province":"ลำพูน",
    "name":"ป่าซาง",
    "caseCount":3
  },
  {
    "id":584,
    "province":"ยโสธร",
    "name":"ป่าติ้ว",
    "caseCount":0
  },
  {
    "id":585,
    "province":"แม่ฮ่องสอน",
    "name":"ปาย",
    "caseCount":3
  },
  {
    "id":586,
    "province":"เลย",
    "name":"ปากชม",
    "caseCount":2
  },
  {
    "id":587,
    "province":"นครราชสีมา",
    "name":"ปากช่อง",
    "caseCount":11
  },
  {
    "id":588,
    "province":"บึงกาฬ",
    "name":"ปากคาด",
    "caseCount":7
  },
  {
    "id":589,
    "province":"นนทบุรี",
    "name":"ปากเกร็ด",
    "caseCount":1019
  },
  {
    "id":590,
    "province":"นครศรีธรรมราช",
    "name":"ปากพนัง",
    "caseCount":17
  },
  {
    "id":591,
    "province":"พัทลุง",
    "name":"ปากพะยูน",
    "caseCount":20
  },
  {
    "id":592,
    "province":"นครนายก",
    "name":"ปากพลี",
    "caseCount":17
  },
  {
    "id":593,
    "province":"ราชบุรี",
    "name":"ปากท่อ",
    "caseCount":46
  },
  {
    "id":594,
    "province":"นครราชสีมา",
    "name":"ปักธงชัย",
    "caseCount":3
  },
  {
    "id":595,
    "province":"บุรีรัมย์",
    "name":"ปะคำ",
    "caseCount":2
  },
  {
    "id":596,
    "province":"ตรัง",
    "name":"ปะเหลียน",
    "caseCount":2
  },
  {
    "id":597,
    "province":"ปัตตานี",
    "name":"ปะนาเระ",
    "caseCount":94
  },
  {
    "id":598,
    "province":"แม่ฮ่องสอน",
    "name":"ปางมะผ้า",
    "caseCount":0
  },
  {
    "id":599,
    "province":"กำแพงเพชร",
    "name":"ปางศิลาทอง",
    "caseCount":24
  },
  {
    "id":600,
    "province":"ชุมพร",
    "name":"ปะทิว",
    "caseCount":13
  },
  {
    "id":601,
    "province":"ร้อยเอ็ด",
    "name":"ปทุมรัตต์",
    "caseCount":10
  },
  {
    "id":602,
    "province":"อำนาจเจริญ",
    "name":"ปทุมราชวงศา",
    "caseCount":1
  },
  {
    "id":603,
    "province":"กรุงเทพมหานคร",
    "name":"ปทุมวัน",
    "caseCount":917
  },
  {
    "id":604,
    "province":"เลย",
    "name":"ผาขาว",
    "caseCount":8
  },
  {
    "id":605,
    "province":"พระนครศรีอยุธยา",
    "name":"ภาชี",
    "caseCount":36
  },
  {
    "id":606,
    "province":"นครสวรรค์",
    "name":"ไพศาลี",
    "caseCount":46
  },
  {
    "id":607,
    "province":"พระนครศรีอยุธยา",
    "name":"ผักไห่",
    "caseCount":32
  },
  {
    "id":608,
    "province":"ชัยภูมิ",
    "name":"ภักดีชุมพล",
    "caseCount":10
  },
  {
    "id":609,
    "province":"เชียงราย",
    "name":"พาน",
    "caseCount":4
  },
  {
    "id":610,
    "province":"ชลบุรี",
    "name":"พานทอง",
    "caseCount":285
  },
  {
    "id":611,
    "province":"อำนาจเจริญ",
    "name":"พนา",
    "caseCount":0
  },
  {
    "id":612,
    "province":"ชลบุรี",
    "name":"พนัสนิคม",
    "caseCount":123
  },
  {
    "id":613,
    "province":"สกลนคร",
    "name":"พังโคน",
    "caseCount":16
  },
  {
    "id":614,
    "province":"สกลนคร",
    "name":"พรรณานิคม",
    "caseCount":7
  },
  {
    "id":615,
    "province":"สุราษฎร์ธานี",
    "name":"พนม",
    "caseCount":30
  },
  {
    "id":616,
    "province":"ร้อยเอ็ด",
    "name":"พนมไพร",
    "caseCount":26
  },
  {
    "id":617,
    "province":"ฉะเชิงเทรา",
    "name":"พนมสารคาม",
    "caseCount":48
  },
  {
    "id":618,
    "province":"กาญจนบุรี",
    "name":"พนมทวน",
    "caseCount":19
  },
  {
    "id":619,
    "province":"กรุงเทพมหานคร",
    "name":"ภาษีเจริญ",
    "caseCount":689
  },
  {
    "id":620,
    "province":"ชุมพร",
    "name":"พะโต๊ะ",
    "caseCount":0
  },
  {
    "id":621,
    "province":"ลพบุรี",
    "name":"พัฒนานิคม",
    "caseCount":295
  },
  {
    "id":622,
    "province":"เชียงราย",
    "name":"พญาเม็งราย",
    "caseCount":1
  },
  {
    "id":623,
    "province":"กรุงเทพมหานคร",
    "name":"พญาไท",
    "caseCount":557
  },
  {
    "id":624,
    "province":"มหาสารคาม",
    "name":"พยัคฆภูมิพิสัย",
    "caseCount":33
  },
  {
    "id":625,
    "province":"ศรีสะเกษ",
    "name":"พยุห์",
    "caseCount":3
  },
  {
    "id":626,
    "province":"นครสวรรค์",
    "name":"พยุหะคีรี",
    "caseCount":41
  },
  {
    "id":627,
    "province":"อุดรธานี",
    "name":"เพ็ญ",
    "caseCount":32
  },
  {
    "id":628,
    "province":"อุบลราชธานี",
    "name":"พิบูลมังสาหาร",
    "caseCount":8
  },
  {
    "id":629,
    "province":"อุดรธานี",
    "name":"พิบูลย์รักษ์",
    "caseCount":2
  },
  {
    "id":630,
    "province":"อุตรดิตถ์",
    "name":"พิชัย",
    "caseCount":22
  },
  {
    "id":631,
    "province":"นครราชสีมา",
    "name":"พิมาย",
    "caseCount":0
  },
  {
    "id":632,
    "province":"นครศรีธรรมราช",
    "name":"พิปูน",
    "caseCount":0
  },
  {
    "id":633,
    "province":"บุรีรัมย์",
    "name":"พลับพลาชัย",
    "caseCount":0
  },
  {
    "id":634,
    "province":"ร้อยเอ็ด",
    "name":"โพธิ์ชัย",
    "caseCount":17
  },
  {
    "id":635,
    "province":"พิจิตร",
    "name":"โพธิ์ประทับช้าง",
    "caseCount":3
  },
  {
    "id":636,
    "province":"อุบลราชธานี",
    "name":"โพธิ์ไทร",
    "caseCount":3
  },
  {
    "id":637,
    "province":"พิจิตร",
    "name":"โพทะเล",
    "caseCount":26
  },
  {
    "id":638,
    "province":"อ่างทอง",
    "name":"โพธิ์ทอง",
    "caseCount":65
  },
  {
    "id":639,
    "province":"ขอนแก่น",
    "name":"พล",
    "caseCount":13
  },
  {
    "id":640,
    "province":"บึงกาฬ",
    "name":"พรเจริญ",
    "caseCount":0
  },
  {
    "id":641,
    "province":"สกลนคร",
    "name":"โพนนาแก้ว",
    "caseCount":12
  },
  {
    "id":642,
    "province":"หนองคาย",
    "name":"โพนพิสัย",
    "caseCount":19
  },
  {
    "id":643,
    "province":"ร้อยเอ็ด",
    "name":"โพนทราย",
    "caseCount":20
  },
  {
    "id":644,
    "province":"นครพนม",
    "name":"โพนสวรรค์",
    "caseCount":39
  },
  {
    "id":645,
    "province":"ร้อยเอ็ด",
    "name":"โพนทอง",
    "caseCount":38
  },
  {
    "id":646,
    "province":"ตาก",
    "name":"พบพระ",
    "caseCount":46
  },
  {
    "id":647,
    "province":"ราชบุรี",
    "name":"โพธาราม",
    "caseCount":94
  },
  {
    "id":648,
    "province":"กรุงเทพมหานคร",
    "name":"พระโขนง",
    "caseCount":344
  },
  {
    "id":649,
    "province":"กรุงเทพมหานคร",
    "name":"พระนคร",
    "caseCount":315
  },
  {
    "id":650,
    "province":"พระนครศรีอยุธยา",
    "name":"พระนครศรีอยุธยา",
    "caseCount":116
  },
  {
    "id":651,
    "province":"นครศรีธรรมราช",
    "name":"พระพรหม",
    "caseCount":5
  },
  {
    "id":652,
    "province":"สมุทรปราการ",
    "name":"พระประแดง",
    "caseCount":1231
  },
  {
    "id":653,
    "province":"สุราษฎร์ธานี",
    "name":"พระแสง",
    "caseCount":9
  },
  {
    "id":654,
    "province":"สมุทรปราการ",
    "name":"พระสมุทรเจดีย์",
    "caseCount":558
  },
  {
    "id":655,
    "province":"ขอนแก่น",
    "name":"พระยืน",
    "caseCount":7
  },
  {
    "id":656,
    "province":"ศรีสะเกษ",
    "name":"ไพรบึง",
    "caseCount":9
  },
  {
    "id":657,
    "province":"กำแพงเพชร",
    "name":"พรานกระต่าย",
    "caseCount":65
  },
  {
    "id":658,
    "province":"เชียงใหม่",
    "name":"พร้าว",
    "caseCount":0
  },
  {
    "id":659,
    "province":"สระบุรี",
    "name":"พระพุทธบาท",
    "caseCount":317
  },
  {
    "id":660,
    "province":"สิงห์บุรี",
    "name":"พรหมบุรี",
    "caseCount":21
  },
  {
    "id":661,
    "province":"นครศรีธรรมราช",
    "name":"พรหมคีรี",
    "caseCount":2
  },
  {
    "id":662,
    "province":"พิษณุโลก",
    "name":"พรหมพิราม",
    "caseCount":23
  },
  {
    "id":663,
    "province":"ชัยภูมิ",
    "name":"ภูเขียว",
    "caseCount":27
  },
  {
    "id":664,
    "province":"เลย",
    "name":"ภูกระดึง",
    "caseCount":11
  },
  {
    "id":665,
    "province":"เลย",
    "name":"ภูหลวง",
    "caseCount":21
  },
  {
    "id":666,
    "province":"ขอนแก่น",
    "name":"ภูผาม่าน",
    "caseCount":7
  },
  {
    "id":667,
    "province":"สกลนคร",
    "name":"ภูพาน",
    "caseCount":2
  },
  {
    "id":668,
    "province":"เลย",
    "name":"ภูเรือ",
    "caseCount":3
  },
  {
    "id":669,
    "province":"ศรีสะเกษ",
    "name":"ภูสิงห์",
    "caseCount":13
  },
  {
    "id":670,
    "province":"ขอนแก่น",
    "name":"ภูเวียง",
    "caseCount":36
  },
  {
    "id":671,
    "province":"สุราษฎร์ธานี",
    "name":"พุนพิน",
    "caseCount":58
  },
  {
    "id":672,
    "province":"นครปฐม",
    "name":"พุทธมณฑล",
    "caseCount":94
  },
  {
    "id":673,
    "province":"บุรีรัมย์",
    "name":"พุทไธสง",
    "caseCount":1
  },
  {
    "id":674,
    "province":"นครพนม",
    "name":"ปลาปาก",
    "caseCount":25
  },
  {
    "id":675,
    "province":"ฉะเชิงเทรา",
    "name":"แปลงยาว",
    "caseCount":40
  },
  {
    "id":676,
    "province":"กระบี่",
    "name":"ปลายพระยา",
    "caseCount":1
  },
  {
    "id":677,
    "province":"ระยอง",
    "name":"ปลวกแดง",
    "caseCount":355
  },
  {
    "id":678,
    "province":"กรุงเทพมหานคร",
    "name":"ป้อมปราบศัตรูพ่าย",
    "caseCount":539
  },
  {
    "id":679,
    "province":"พะเยา",
    "name":"ปง",
    "caseCount":10
  },
  {
    "id":680,
    "province":"จันทบุรี",
    "name":"โป่งน้ำร้อน",
    "caseCount":8
  },
  {
    "id":681,
    "province":"ปราจีนบุรี",
    "name":"ประจันตคาม",
    "caseCount":22
  },
  {
    "id":682,
    "province":"บุรีรัมย์",
    "name":"ประโคนชัย",
    "caseCount":15
  },
  {
    "id":683,
    "province":"ประจวบคีรีขันธ์",
    "name":"ปราณบุรี",
    "caseCount":49
  },
  {
    "id":684,
    "province":"ศรีสะเกษ",
    "name":"ปรางค์กู่",
    "caseCount":5
  },
  {
    "id":685,
    "province":"สุรินทร์",
    "name":"ปราสาท",
    "caseCount":14
  },
  {
    "id":686,
    "province":"นครราชสีมา",
    "name":"ประทาย",
    "caseCount":4
  },
  {
    "id":687,
    "province":"กรุงเทพมหานคร",
    "name":"ประเวศ",
    "caseCount":678
  },
  {
    "id":688,
    "province":"น่าน",
    "name":"ปัว",
    "caseCount":16
  },
  {
    "id":689,
    "province":"ขอนแก่น",
    "name":"เปือยน้อย",
    "caseCount":8
  },
  {
    "id":690,
    "province":"นราธิวาส",
    "name":"ระแงะ",
    "caseCount":173
  },
  {
    "id":691,
    "province":"ยะลา",
    "name":"รามัน",
    "caseCount":163
  },
  {
    "id":692,
    "province":"สงขลา",
    "name":"ระโนด",
    "caseCount":34
  },
  {
    "id":693,
    "province":"ศรีสะเกษ",
    "name":"ราษีไศล",
    "caseCount":9
  },
  {
    "id":694,
    "province":"กรุงเทพมหานคร",
    "name":"ราษฎร์บูรณะ",
    "caseCount":294
  },
  {
    "id":695,
    "province":"ฉะเชิงเทรา",
    "name":"ราชสาส์น",
    "caseCount":7
  },
  {
    "id":696,
    "province":"กรุงเทพมหานคร",
    "name":"ราชเทวี",
    "caseCount":999
  },
  {
    "id":697,
    "province":"ตรัง",
    "name":"รัษฎา",
    "caseCount":1
  },
  {
    "id":698,
    "province":"สุรินทร์",
    "name":"รัตนบุรี",
    "caseCount":20
  },
  {
    "id":699,
    "province":"สงขลา",
    "name":"รัตภูมิ",
    "caseCount":36
  },
  {
    "id":700,
    "province":"นครพนม",
    "name":"เรณูนคร",
    "caseCount":15
  },
  {
    "id":701,
    "province":"นครศรีธรรมราช",
    "name":"ร่อนพิบูลย์",
    "caseCount":19
  },
  {
    "id":702,
    "province":"กาฬสินธุ์",
    "name":"ร่องคำ",
    "caseCount":4
  },
  {
    "id":703,
    "province":"แพร่",
    "name":"ร้องกวาง",
    "caseCount":3
  },
  {
    "id":704,
    "province":"นราธิวาส",
    "name":"รือเสาะ",
    "caseCount":45
  },
  {
    "id":705,
    "province":"ลพบุรี",
    "name":"สระโบสถ์",
    "caseCount":143
  },
  {
    "id":706,
    "province":"สงขลา",
    "name":"สะบ้าย้อย",
    "caseCount":157
  },
  {
    "id":707,
    "province":"สงขลา",
    "name":"สะเดา",
    "caseCount":116
  },
  {
    "id":708,
    "province":"กาฬสินธุ์",
    "name":"สหัสขันธ์",
    "caseCount":12
  },
  {
    "id":709,
    "province":"ปัตตานี",
    "name":"สายบุรี",
    "caseCount":106
  },
  {
    "id":710,
    "province":"กรุงเทพมหานคร",
    "name":"สายไหม",
    "caseCount":450
  },
  {
    "id":711,
    "province":"ยโสธร",
    "name":"ทรายมูล",
    "caseCount":1
  },
  {
    "id":712,
    "province":"กำแพงเพชร",
    "name":"ไทรงาม",
    "caseCount":15
  },
  {
    "id":713,
    "province":"นนทบุรี",
    "name":"ไทรน้อย",
    "caseCount":266
  },
  {
    "id":714,
    "province":"กำแพงเพชร",
    "name":"ทรายทองวัฒนา",
    "caseCount":34
  },
  {
    "id":715,
    "province":"กาญจนบุรี",
    "name":"ไทรโยค",
    "caseCount":12
  },
  {
    "id":716,
    "province":"สุพรรณบุรี",
    "name":"สามชุก",
    "caseCount":34
  },
  {
    "id":717,
    "province":"ปทุมธานี",
    "name":"สามโคก",
    "caseCount":93
  },
  {
    "id":718,
    "province":"อ่างทอง",
    "name":"สามโก้",
    "caseCount":26
  },
  {
    "id":719,
    "province":"พิจิตร",
    "name":"สามง่าม",
    "caseCount":13
  },
  {
    "id":720,
    "province":"ตาก",
    "name":"สามเงา",
    "caseCount":10
  },
  {
    "id":721,
    "province":"นครปฐม",
    "name":"สามพราน",
    "caseCount":1558
  },
  {
    "id":722,
    "province":"เชียงใหม่",
    "name":"สะเมิง",
    "caseCount":0
  },
  {
    "id":723,
    "province":"กรุงเทพมหานคร",
    "name":"สัมพันธวงศ์",
    "caseCount":618
  },
  {
    "id":724,
    "province":"อุบลราชธานี",
    "name":"สำโรง",
    "caseCount":2
  },
  {
    "id":725,
    "province":"สุรินทร์",
    "name":"สำโรงทาบ",
    "caseCount":9
  },
  {
    "id":726,
    "province":"เชียงใหม่",
    "name":"สันกำแพง",
    "caseCount":17
  },
  {
    "id":727,
    "province":"เชียงใหม่",
    "name":"สันป่าตอง",
    "caseCount":9
  },
  {
    "id":728,
    "province":"เชียงใหม่",
    "name":"สันทราย",
    "caseCount":27
  },
  {
    "id":729,
    "province":"ฉะเชิงเทรา",
    "name":"สนามชัยเขต",
    "caseCount":48
  },
  {
    "id":730,
    "province":"อุดรธานี",
    "name":"สร้างคอม",
    "caseCount":2
  },
  {
    "id":731,
    "province":"สุรินทร์",
    "name":"สังขะ",
    "caseCount":7
  },
  {
    "id":732,
    "province":"กาญจนบุรี",
    "name":"สังขละบุรี",
    "caseCount":15
  },
  {
    "id":733,
    "province":"หนองคาย",
    "name":"สังคม",
    "caseCount":0
  },
  {
    "id":734,
    "province":"ชัยนาท",
    "name":"สรรคบุรี",
    "caseCount":41
  },
  {
    "id":735,
    "province":"สุรินทร์",
    "name":"สนม",
    "caseCount":4
  },
  {
    "id":736,
    "province":"น่าน",
    "name":"สันติสุข",
    "caseCount":6
  },
  {
    "id":737,
    "province":"สระบุรี",
    "name":"เสาไห้",
    "caseCount":48
  },
  {
    "id":738,
    "province":"กรุงเทพมหานคร",
    "name":"สะพานสูง",
    "caseCount":161
  },
  {
    "id":739,
    "province":"ชัยนาท",
    "name":"สรรพยา",
    "caseCount":13
  },
  {
    "id":740,
    "province":"เชียงใหม่",
    "name":"สารภี",
    "caseCount":5
  },
  {
    "id":741,
    "province":"สงขลา",
    "name":"สทิงพระ",
    "caseCount":71
  },
  {
    "id":742,
    "province":"กรุงเทพมหานคร",
    "name":"สาทร",
    "caseCount":425
  },
  {
    "id":743,
    "province":"ชลบุรี",
    "name":"สัตหีบ",
    "caseCount":204
  },
  {
    "id":744,
    "province":"บุรีรัมย์",
    "name":"สตึก",
    "caseCount":7
  },
  {
    "id":745,
    "province":"อ่างทอง",
    "name":"แสวงหา",
    "caseCount":27
  },
  {
    "id":746,
    "province":"อุทัยธานี",
    "name":"สว่างอารมณ์",
    "caseCount":5
  },
  {
    "id":747,
    "province":"สกลนคร",
    "name":"สว่างแดนดิน",
    "caseCount":34
  },
  {
    "id":748,
    "province":"สุโขทัย",
    "name":"สวรรคโลก",
    "caseCount":18
  },
  {
    "id":749,
    "province":"ชุมพร",
    "name":"สวี",
    "caseCount":7
  },
  {
    "id":750,
    "province":"บึงกาฬ",
    "name":"เซกา",
    "caseCount":4
  },
  {
    "id":751,
    "province":"ร้อยเอ็ด",
    "name":"เสลภูมิ",
    "caseCount":31
  },
  {
    "id":752,
    "province":"พระนครศรีอยุธยา",
    "name":"เสนา",
    "caseCount":53
  },
  {
    "id":753,
    "province":"อำนาจเจริญ",
    "name":"เสนางคนิคม",
    "caseCount":0
  },
  {
    "id":754,
    "province":"พัทลุง",
    "name":"ศรีบรรพต",
    "caseCount":0
  },
  {
    "id":755,
    "province":"หนองบัวลำภู",
    "name":"ศรีบุญเรือง",
    "caseCount":32
  },
  {
    "id":756,
    "province":"หนองคาย",
    "name":"ศรีเชียงใหม่",
    "caseCount":3
  },
  {
    "id":757,
    "province":"ขอนแก่น",
    "name":"สีชมพู",
    "caseCount":81
  },
  {
    "id":758,
    "province":"นครราชสีมา",
    "name":"สีคิ้ว",
    "caseCount":4
  },
  {
    "id":759,
    "province":"สุรินทร์",
    "name":"ศีขรภูมิ",
    "caseCount":7
  },
  {
    "id":760,
    "province":"ปราจีนบุรี",
    "name":"ศรีมหาโพธิ",
    "caseCount":124
  },
  {
    "id":761,
    "province":"ปราจีนบุรี",
    "name":"ศรีมโหสถ",
    "caseCount":10
  },
  {
    "id":762,
    "province":"อุบลราชธานี",
    "name":"ศรีเมืองใหม่",
    "caseCount":6
  },
  {
    "id":763,
    "province":"สุโขทัย",
    "name":"ศรีนคร",
    "caseCount":13
  },
  {
    "id":764,
    "province":"สุพรรณบุรี",
    "name":"ศรีประจันต์",
    "caseCount":54
  },
  {
    "id":765,
    "province":"ชลบุรี",
    "name":"ศรีราชา",
    "caseCount":1082
  },
  {
    "id":766,
    "province":"ศรีสะเกษ",
    "name":"ศรีรัตนะ",
    "caseCount":41
  },
  {
    "id":767,
    "province":"นราธิวาส",
    "name":"ศรีสาคร",
    "caseCount":85
  },
  {
    "id":768,
    "province":"สุโขทัย",
    "name":"ศรีสำโรง",
    "caseCount":25
  },
  {
    "id":769,
    "province":"สุโขทัย",
    "name":"ศรีสัชนาลัย",
    "caseCount":29
  },
  {
    "id":770,
    "province":"กาญจนบุรี",
    "name":"ศรีสวัสดิ์",
    "caseCount":7
  },
  {
    "id":771,
    "province":"ร้อยเอ็ด",
    "name":"ศรีสมเด็จ",
    "caseCount":7
  },
  {
    "id":772,
    "province":"นครพนม",
    "name":"ศรีสงคราม",
    "caseCount":30
  },
  {
    "id":773,
    "province":"อุดรธานี",
    "name":"ศรีธาตุ",
    "caseCount":1
  },
  {
    "id":774,
    "province":"เพชรบูรณ์",
    "name":"ศรีเทพ",
    "caseCount":47
  },
  {
    "id":775,
    "province":"บึงกาฬ",
    "name":"ศรีวิไล",
    "caseCount":1
  },
  {
    "id":776,
    "province":"นครศรีธรรมราช",
    "name":"สิชล",
    "caseCount":15
  },
  {
    "id":777,
    "province":"ตรัง",
    "name":"สิเกา",
    "caseCount":12
  },
  {
    "id":778,
    "province":"สงขลา",
    "name":"สิงหนคร",
    "caseCount":361
  },
  {
    "id":779,
    "province":"อุบลราชธานี",
    "name":"สิรินธร",
    "caseCount":3
  },
  {
    "id":780,
    "province":"บึงกาฬ",
    "name":"โซ่พิสัย",
    "caseCount":4
  },
  {
    "id":781,
    "province":"ลำปาง",
    "name":"เสริมงาม",
    "caseCount":0
  },
  {
    "id":782,
    "province":"นครราชสีมา",
    "name":"เสิงสาง",
    "caseCount":3
  },
  {
    "id":783,
    "province":"จันทบุรี",
    "name":"สอยดาว",
    "caseCount":29
  },
  {
    "id":784,
    "province":"กาฬสินธุ์",
    "name":"สมเด็จ",
    "caseCount":14
  },
  {
    "id":785,
    "province":"แพร่",
    "name":"สอง",
    "caseCount":11
  },
  {
    "id":786,
    "province":"สกลนคร",
    "name":"ส่องดาว",
    "caseCount":7
  },
  {
    "id":787,
    "province":"น่าน",
    "name":"สองแคว",
    "caseCount":1
  },
  {
    "id":788,
    "province":"สุพรรณบุรี",
    "name":"สองพี่น้อง",
    "caseCount":102
  },
  {
    "id":789,
    "province":"แม่ฮ่องสอน",
    "name":"สบเมย",
    "caseCount":0
  },
  {
    "id":790,
    "province":"ลำปาง",
    "name":"สบปราบ",
    "caseCount":1
  },
  {
    "id":791,
    "province":"นราธิวาส",
    "name":"สุไหงโกลก",
    "caseCount":12
  },
  {
    "id":792,
    "province":"นราธิวาส",
    "name":"สุไหงปาดี",
    "caseCount":65
  },
  {
    "id":793,
    "province":"กรุงเทพมหานคร",
    "name":"สวนหลวง",
    "caseCount":510
  },
  {
    "id":794,
    "province":"ราชบุรี",
    "name":"สวนผึ้ง",
    "caseCount":5
  },
  {
    "id":795,
    "province":"นราธิวาส",
    "name":"สุคิริน",
    "caseCount":45
  },
  {
    "id":796,
    "province":"แพร่",
    "name":"สูงเม่น",
    "caseCount":28
  },
  {
    "id":797,
    "province":"นครราชสีมา",
    "name":"สูงเนิน",
    "caseCount":3
  },
  {
    "id":798,
    "province":"หนองบัวลำภู",
    "name":"สุวรรณคูหา",
    "caseCount":28
  },
  {
    "id":799,
    "province":"ร้อยเอ็ด",
    "name":"สุวรรณภูมิ",
    "caseCount":56
  },
  {
    "id":800,
    "province":"นครสวรรค์",
    "name":"ตาคลี",
    "caseCount":55
  },
  {
    "id":801,
    "province":"สระแก้ว",
    "name":"ตาพระยา",
    "caseCount":13
  },
  {
    "id":802,
    "province":"นราธิวาส",
    "name":"ตากใบ",
    "caseCount":97
  },
  {
    "id":803,
    "province":"นครสวรรค์",
    "name":"ตากฟ้า",
    "caseCount":18
  },
  {
    "id":804,
    "province":"พังงา",
    "name":"ตะกั่วป่า",
    "caseCount":6
  },
  {
    "id":805,
    "province":"พังงา",
    "name":"ตะกั่วทุ่ง",
    "caseCount":0
  },
  {
    "id":806,
    "province":"กรุงเทพมหานคร",
    "name":"ตลิ่งชัน",
    "caseCount":365
  },
  {
    "id":807,
    "province":"พัทลุง",
    "name":"ตะโหมด",
    "caseCount":4
  },
  {
    "id":808,
    "province":"อุบลราชธานี",
    "name":"ตาลสุม",
    "caseCount":0
  },
  {
    "id":809,
    "province":"สกลนคร",
    "name":"เต่างอย",
    "caseCount":4
  },
  {
    "id":810,
    "province":"พิจิตร",
    "name":"ตะพานหิน",
    "caseCount":28
  },
  {
    "id":811,
    "province":"หนองคาย",
    "name":"ท่าบ่อ",
    "caseCount":15
  },
  {
    "id":812,
    "province":"สุราษฎร์ธานี",
    "name":"ท่าชนะ",
    "caseCount":8
  },
  {
    "id":813,
    "province":"สิงห์บุรี",
    "name":"ท่าช้าง",
    "caseCount":11
  },
  {
    "id":814,
    "province":"กาฬสินธุ์",
    "name":"ท่าคันโท",
    "caseCount":18
  },
  {
    "id":815,
    "province":"เลย",
    "name":"ท่าลี่",
    "caseCount":4
  },
  {
    "id":816,
    "province":"ลพบุรี",
    "name":"ท่าหลวง",
    "caseCount":16
  },
  {
    "id":817,
    "province":"จันทบุรี",
    "name":"ท่าใหม่",
    "caseCount":10
  },
  {
    "id":818,
    "province":"กาญจนบุรี",
    "name":"ท่ามะกา",
    "caseCount":39
  },
  {
    "id":819,
    "province":"กาญจนบุรี",
    "name":"ท่าม่วง",
    "caseCount":20
  },
  {
    "id":820,
    "province":"สตูล",
    "name":"ท่าแพ",
    "caseCount":23
  },
  {
    "id":821,
    "province":"อุตรดิตถ์",
    "name":"ท่าปลา",
    "caseCount":18
  },
  {
    "id":822,
    "province":"พระนครศรีอยุธยา",
    "name":"ท่าเรือ",
    "caseCount":93
  },
  {
    "id":823,
    "province":"ชุมพร",
    "name":"ท่าแซะ",
    "caseCount":6
  },
  {
    "id":824,
    "province":"นครศรีธรรมราช",
    "name":"ท่าศาลา",
    "caseCount":44
  },
  {
    "id":825,
    "province":"ตาก",
    "name":"ท่าสองยาง",
    "caseCount":4
  },
  {
    "id":826,
    "province":"ฉะเชิงเทรา",
    "name":"ท่าตะเกียบ",
    "caseCount":27
  },
  {
    "id":827,
    "province":"นครสวรรค์",
    "name":"ท่าตะโก",
    "caseCount":36
  },
  {
    "id":828,
    "province":"สุรินทร์",
    "name":"ท่าตูม",
    "caseCount":2
  },
  {
    "id":829,
    "province":"นครพนม",
    "name":"ท่าอุเทน",
    "caseCount":18
  },
  {
    "id":830,
    "province":"น่าน",
    "name":"ท่าวังผา",
    "caseCount":18
  },
  {
    "id":831,
    "province":"ลพบุรี",
    "name":"ท่าวุ้ง",
    "caseCount":60
  },
  {
    "id":832,
    "province":"เพชรบุรี",
    "name":"ท่ายาง",
    "caseCount":171
  },
  {
    "id":833,
    "province":"ยโสธร",
    "name":"ไทยเจริญ",
    "caseCount":2
  },
  {
    "id":834,
    "province":"พังงา",
    "name":"ท้ายเหมือง",
    "caseCount":0
  },
  {
    "id":835,
    "province":"ภูเก็ต",
    "name":"ถลาง",
    "caseCount":12
  },
  {
    "id":836,
    "province":"นครศรีธรรมราช",
    "name":"ถ้ำพรรณรา",
    "caseCount":0
  },
  {
    "id":837,
    "province":"ยะลา",
    "name":"ธารโต",
    "caseCount":130
  },
  {
    "id":838,
    "province":"ปทุมธานี",
    "name":"ธัญบุรี",
    "caseCount":837
  },
  {
    "id":839,
    "province":"พิจิตร",
    "name":"ทับคล้อ",
    "caseCount":44
  },
  {
    "id":840,
    "province":"พังงา",
    "name":"ทับปุด",
    "caseCount":1
  },
  {
    "id":841,
    "province":"ประจวบคีรีขันธ์",
    "name":"ทับสะแก",
    "caseCount":2
  },
  {
    "id":842,
    "province":"อุทัยธานี",
    "name":"ทัพทัน",
    "caseCount":17
  },
  {
    "id":843,
    "province":"นครพนม",
    "name":"ธาตุพนม",
    "caseCount":39
  },
  {
    "id":844,
    "province":"ร้อยเอ็ด",
    "name":"ธวัชบุรี",
    "caseCount":26
  },
  {
    "id":845,
    "province":"กรุงเทพมหานคร",
    "name":"ทวีวัฒนา",
    "caseCount":276
  },
  {
    "id":846,
    "province":"ชัยภูมิ",
    "name":"เทพสถิต",
    "caseCount":17
  },
  {
    "id":847,
    "province":"สงขลา",
    "name":"เทพา",
    "caseCount":282
  },
  {
    "id":848,
    "province":"ลำปาง",
    "name":"เถิน",
    "caseCount":10
  },
  {
    "id":849,
    "province":"เชียงราย",
    "name":"เทิง",
    "caseCount":27
  },
  {
    "id":850,
    "province":"กรุงเทพมหานคร",
    "name":"ธนบุรี",
    "caseCount":514
  },
  {
    "id":851,
    "province":"กาญจนบุรี",
    "name":"ทองผาภูมิ",
    "caseCount":11
  },
  {
    "id":852,
    "province":"อุตรดิตถ์",
    "name":"ทองแสนขัน",
    "caseCount":6
  },
  {
    "id":853,
    "province":"น่าน",
    "name":"ทุ่งช้าง",
    "caseCount":1
  },
  {
    "id":854,
    "province":"อุดรธานี",
    "name":"ทุ่งฝน",
    "caseCount":8
  },
  {
    "id":855,
    "province":"ลำพูน",
    "name":"ทุ่งหัวช้าง",
    "caseCount":0
  },
  {
    "id":856,
    "province":"กรุงเทพมหานคร",
    "name":"ทุ่งครุ",
    "caseCount":480
  },
  {
    "id":857,
    "province":"สุโขทัย",
    "name":"ทุ่งเสลี่ยม",
    "caseCount":23
  },
  {
    "id":858,
    "province":"อุบลราชธานี",
    "name":"ทุ่งศรีอุดม",
    "caseCount":2
  },
  {
    "id":859,
    "province":"นครศรีธรรมราช",
    "name":"ทุ่งสง",
    "caseCount":11
  },
  {
    "id":860,
    "province":"ชุมพร",
    "name":"ทุ่งตะโก",
    "caseCount":10
  },
  {
    "id":861,
    "province":"สตูล",
    "name":"ทุ่งหว้า",
    "caseCount":0
  },
  {
    "id":862,
    "province":"นครศรีธรรมราช",
    "name":"ทุ่งใหญ่",
    "caseCount":6
  },
  {
    "id":863,
    "province":"ปัตตานี",
    "name":"ทุ่งยางแดง",
    "caseCount":99
  },
  {
    "id":864,
    "province":"อุบลราชธานี",
    "name":"ตระการพืชผล",
    "caseCount":5
  },
  {
    "id":865,
    "province":"อุตรดิตถ์",
    "name":"ตรอน",
    "caseCount":23
  },
  {
    "id":866,
    "province":"สุพรรณบุรี",
    "name":"อู่ทอง",
    "caseCount":62
  },
  {
    "id":867,
    "province":"ขอนแก่น",
    "name":"อุบลรัตน์",
    "caseCount":2
  },
  {
    "id":868,
    "province":"ตาก",
    "name":"อุ้มผาง",
    "caseCount":3
  },
  {
    "id":869,
    "province":"พระนครศรีอยุธยา",
    "name":"อุทัย",
    "caseCount":116
  },
  {
    "id":870,
    "province":"ศรีสะเกษ",
    "name":"อุทุมพรพิสัย",
    "caseCount":26
  },
  {
    "id":871,
    "province":"พิจิตร",
    "name":"วชิรบารมี",
    "caseCount":3
  },
  {
    "id":872,
    "province":"นราธิวาส",
    "name":"แว้ง",
    "caseCount":35
  },
  {
    "id":873,
    "province":"ขอนแก่น",
    "name":"แวงน้อย",
    "caseCount":4
  },
  {
    "id":874,
    "province":"ขอนแก่น",
    "name":"แวงใหญ่",
    "caseCount":2
  },
  {
    "id":875,
    "province":"มุกดาหาร",
    "name":"หว้านใหญ่",
    "caseCount":0
  },
  {
    "id":876,
    "province":"ระยอง",
    "name":"วังจันทร์",
    "caseCount":33
  },
  {
    "id":877,
    "province":"แพร่",
    "name":"วังชิ้น",
    "caseCount":19
  },
  {
    "id":878,
    "province":"ศรีสะเกษ",
    "name":"วังหิน",
    "caseCount":5
  },
  {
    "id":879,
    "province":"สระบุรี",
    "name":"วังม่วง",
    "caseCount":14
  },
  {
    "id":880,
    "province":"นครราชสีมา",
    "name":"วังน้ำเขียว",
    "caseCount":0
  },
  {
    "id":881,
    "province":"สระแก้ว",
    "name":"วังน้ำเย็น",
    "caseCount":74
  },
  {
    "id":882,
    "province":"พระนครศรีอยุธยา",
    "name":"วังน้อย",
    "caseCount":471
  },
  {
    "id":883,
    "province":"ลำปาง",
    "name":"วังเหนือ",
    "caseCount":6
  },
  {
    "id":884,
    "province":"เพชรบูรณ์",
    "name":"วังโป่ง",
    "caseCount":16
  },
  {
    "id":885,
    "province":"พิจิตร",
    "name":"วังทรายพูน",
    "caseCount":2
  },
  {
    "id":886,
    "province":"อุดรธานี",
    "name":"วังสามหมอ",
    "caseCount":22
  },
  {
    "id":887,
    "province":"เลย",
    "name":"วังสะพุง",
    "caseCount":77
  },
  {
    "id":888,
    "province":"พิษณุโลก",
    "name":"วังทอง",
    "caseCount":34
  },
  {
    "id":889,
    "province":"กรุงเทพมหานคร",
    "name":"วังทองหลาง",
    "caseCount":329
  },
  {
    "id":890,
    "province":"ตรัง",
    "name":"วังวิเศษ",
    "caseCount":5
  },
  {
    "id":891,
    "province":"สกลนคร",
    "name":"วานรนิวาส",
    "caseCount":42
  },
  {
    "id":892,
    "province":"มหาสารคาม",
    "name":"วาปีปทุม",
    "caseCount":73
  },
  {
    "id":893,
    "province":"อุบลราชธานี",
    "name":"วารินชำราบ",
    "caseCount":16
  },
  {
    "id":894,
    "province":"สกลนคร",
    "name":"วาริชภูมิ",
    "caseCount":4
  },
  {
    "id":895,
    "province":"พิษณุโลก",
    "name":"วัดโบสถ์",
    "caseCount":12
  },
  {
    "id":896,
    "province":"ราชบุรี",
    "name":"วัดเพลง",
    "caseCount":11
  },
  {
    "id":897,
    "province":"ชัยนาท",
    "name":"วัดสิงห์",
    "caseCount":5
  },
  {
    "id":898,
    "province":"กรุงเทพมหานคร",
    "name":"วัฒนา",
    "caseCount":608
  },
  {
    "id":899,
    "province":"สระแก้ว",
    "name":"วัฒนานคร",
    "caseCount":15
  },
  {
    "id":900,
    "province":"เชียงราย",
    "name":"เวียงชัย",
    "caseCount":17
  },
  {
    "id":901,
    "province":"เชียงใหม่",
    "name":"เวียงแหง",
    "caseCount":1
  },
  {
    "id":902,
    "province":"เชียงราย",
    "name":"เวียงแก่น",
    "caseCount":2
  },
  {
    "id":903,
    "province":"เชียงราย",
    "name":"เวียงป่าเป้า",
    "caseCount":7
  },
  {
    "id":904,
    "province":"น่าน",
    "name":"เวียงสา",
    "caseCount":9
  },
  {
    "id":905,
    "province":"เพชรบูรณ์",
    "name":"วิเชียรบุรี",
    "caseCount":49
  },
  {
    "id":906,
    "province":"สระบุรี",
    "name":"วิหารแดง",
    "caseCount":98
  },
  {
    "id":907,
    "province":"อ่างทอง",
    "name":"วิเศษชัยชาญ",
    "caseCount":107
  },
  {
    "id":908,
    "province":"ยะลา",
    "name":"ยะหา",
    "caseCount":105
  },
  {
    "id":909,
    "province":"กรุงเทพมหานคร",
    "name":"ยานนาวา",
    "caseCount":658
  },
  {
    "id":910,
    "province":"ตรัง",
    "name":"ย่านตาขาว",
    "caseCount":11
  },
  {
    "id":911,
    "province":"ศรีสะเกษ",
    "name":"ยางชุมน้อย",
    "caseCount":5
  },
  {
    "id":912,
    "province":"มหาสารคาม",
    "name":"ยางสีสุราช",
    "caseCount":48
  },
  {
    "id":913,
    "province":"กาฬสินธุ์",
    "name":"ยางตลาด",
    "caseCount":73
  },
  {
    "id":914,
    "province":"ปัตตานี",
    "name":"ยะรัง",
    "caseCount":223
  },
  {
    "id":915,
    "province":"ปัตตานี",
    "name":"ยะหริ่ง",
    "caseCount":261
  },
  {
    "id":916,
    "province":"นราธิวาส",
    "name":"ยี่งอ",
    "caseCount":73
  }
]